lag,TiOT,TAOT(w = 0.25),TAOT(w = 0.5),TAOT(w = 0.75)
0,-1.3552527156068805e-19,0.0,0.0,0.0
1,0.0010138334862054878,0.0007611728910144229,0.0009546884538003608,0.0010105569403773878
2,0.0027101661650407406,0.0016760967983359017,0.0023491402855940354,0.0026652391057004053
3,0.004862977902567775,0.0027172290296000735,0.004002130856896671,0.004794556226661983
4,0.007443228555463559,0.0038986970291129833,0.005934145644389078,0.007231764074705731
5,0.01102549295709245,0.00530068835492027,0.008293428627304322,0.010485372199042628
6,0.015214995155982717,0.006944011207486643,0.011241858276902576,0.01443955606285402
7,0.019859623607833603,0.008819023092973725,0.0145115371385017,0.019008337152594097
8,0.024783139810222576,0.01077690590778964,0.01809992908904777,0.024004970124841044
9,0.028648876569254474,0.012356026911493073,0.021089308999055336,0.0281096066897069
10,0.03379235683074351,0.014480607414406823,0.024979522090706557,0.033583061601197554
11,0.03811796966187675,0.016378081108940016,0.028449442486487297,0.03809052510363536
12,0.04271854466848485,0.01849935898134015,0.03223911179114326,0.04269629539150487
13,0.04715237999248172,0.02057433133182677,0.0359738832136147,0.04702523136759023
14,0.052124676760996816,0.022999319881544092,0.04026854951241552,0.05177029958023286
15,0.05735998192707861,0.025467006162133956,0.0447505165485828,0.05669249589136917
16,0.0629024396332985,0.028114536371573722,0.04959146334958386,0.06178786316653685
17,0.06823823970683485,0.03077745574805963,0.05447067340845038,0.06655590509177418
18,0.07410898695932612,0.03371846341595019,0.059897608464753345,0.07174238120003666
19,0.08030425804273901,0.03686134244358374,0.06573836469438679,0.07707310170303965
20,0.08703410856026605,0.040278018739399186,0.07219985710604071,0.08313351941579165
21,0.09425426123229179,0.04390252826679408,0.07909049027748305,0.08948917352819183
22,0.10194028315186063,0.047936564083305815,0.08663921716482967,0.09617122249573734
23,0.10810180492262841,0.05141495100932888,0.09301219209459385,0.10115544987589181
24,0.11475294679751398,0.05514611022101382,0.0998297769792641,0.1064941418485608
25,0.12262301024831408,0.059399532274961614,0.1077368101774727,0.11302019750426658
26,0.1301455342894698,0.06365483995595231,0.11565501811299145,0.11894643810413133
27,0.13752711036711363,0.06805856739193712,0.12361728560199545,0.1245033730425556
28,0.14409421832033065,0.07213373976229417,0.13102972724222128,0.12927119326017544
29,0.15160076409223913,0.07655086067237592,0.13902579999920284,0.1346014956179892
30,0.15897142191071786,0.0810653513935449,0.14681805253227845,0.13984564206068378
31,0.16572770387988905,0.08539130326820885,0.1540793419598337,0.14457974686326805
32,0.1728072630732843,0.08980968070357497,0.16151727624215295,0.14948223628689075
33,0.179764373030304,0.09427588066096698,0.16894457796477352,0.1541549294458742
34,0.18575035382181232,0.09843592854298376,0.17561775829703172,0.15788134307500287
35,0.19201642339263292,0.1027704607721657,0.1824762751446108,0.16163939814082248
36,0.19893352379571927,0.10748761713967056,0.18985582234837625,0.16591677472483357
37,0.20564413618945843,0.11231077446017983,0.19703904962539323,0.1700766194526181
38,0.21261513566894716,0.11743213029895395,0.20449737645336147,0.17422161248404103
39,0.22134061155784532,0.12294915450173549,0.2133789938785432,0.17982822798211473
40,0.22962213291561825,0.12827410796079142,0.22173948200933638,0.18497849192969174
41,0.23809696417557072,0.13371865637349964,0.23045774517242976,0.1902154305946775
42,0.2463043925679141,0.13914684672534378,0.23898652324679354,0.19514639797771527
43,0.2548925508243508,0.1448562244329292,0.24800606243449183,0.20030133840598657
44,0.2629012408821124,0.15042870231678776,0.2567285843100241,0.20495548564604815
45,0.27061189529753105,0.15575580714467138,0.265103025284814,0.20968532955534025
46,0.27769874858795746,0.16061033055917198,0.2727791650676097,0.2139073825694575
47,0.2869395038776375,0.16686991833032844,0.2826604061444978,0.21931181493560886
48,0.2965741384385639,0.1736204463231263,0.2931139198595858,0.22483009825289305
49,0.30527363282673553,0.17998669836819306,0.3024878547536925,0.22965004354641255
50,0.3140544524523601,0.1864360953241744,0.31181663136396315,0.23448090178263525
51,0.32177215266390424,0.19235038656948925,0.31999200954435025,0.23849698393190674
52,0.3284636931308999,0.19767174025206208,0.32697767747997275,0.24171217056625588
53,0.33503891216116216,0.2029474473928794,0.3337954351526464,0.24481986289999397
54,0.343063639930662,0.20923967717045383,0.3421206773799268,0.2488776910994373
55,0.35154173284423557,0.21575900388023467,0.35073872897887276,0.25316037280784665
56,0.35980262007591685,0.22246806246438508,0.3591911235165604,0.2572349956358799
57,0.3674223072867641,0.22896933945390668,0.3669668482739228,0.26091575617882534
58,0.37354217024676334,0.23458577249893783,0.3732602971390683,0.26361263459678425
59,0.38074118885470676,0.24058961496224732,0.38061982760487784,0.26715184591265406
60,0.3892620182022302,0.2475365552529878,0.38917359342994884,0.2713713204900727
61,0.3968068706187154,0.2539195508100715,0.39680646134605974,0.2750948658697364
62,0.40417984251845784,0.26032093955096053,0.4040320607531217,0.27854534120195384
63,0.41230850303135363,0.2675027120788491,0.41202918352515444,0.28248269696277245
64,0.41848870453738163,0.2735524389987276,0.41803189281568015,0.2851026023764277
65,0.4249581253017075,0.279695662325688,0.4242524409411046,0.2878114956665813
66,0.43002430460677626,0.2848334919000125,0.429114460709671,0.2894305559833149
67,0.4343645995790937,0.28969675797459354,0.43319026498557917,0.29059192491767677
68,0.43737451410717865,0.2938603591568211,0.4359028414959663,0.29116982164019417
69,0.4421761622657431,0.29913632850915134,0.44040887841474213,0.2925543569833415
70,0.4464034419030919,0.30405791416374567,0.44425223377005557,0.293647600781644
71,0.45114035817258596,0.3093881287620475,0.4485434816448181,0.2950321637542669
72,0.45712049413904887,0.3154805883409477,0.454188399498075,0.2973397668402986
73,0.46251775985981897,0.3212936380310388,0.45919491798696815,0.29923596401232544
74,0.46638366282249316,0.3262308284327871,0.46267244122046847,0.3001949586506602
75,0.47180884078980256,0.33253809150217856,0.46754022744603735,0.3021640681562803
76,0.4750921258787538,0.33753909392137227,0.4703262020828576,0.30257276068861194
77,0.47851861620510805,0.34254519872574346,0.47307531389477,0.3031449605303642
78,0.4833196347623647,0.34842134523907137,0.477211204235236,0.3046088462180374
79,0.48494817161501197,0.35206258958307324,0.4781827933386609,0.30438523513794113
80,0.48892086929051315,0.3573278588976148,0.4814751922535561,0.30531438902861796
81,0.4915813079772967,0.36179979798428347,0.48342314611318443,0.3054182673129158
82,0.4938558605321363,0.36589129070460286,0.48486112203924436,0.3055299605689928
83,0.49648556855546444,0.3702121020082471,0.4867207616439642,0.30581472703727897
84,0.5001886205774182,0.37559149302999295,0.48968929473491485,0.3064232396690129
85,0.5035293875999223,0.3807373041233443,0.49229818541135967,0.30679967682275266
86,0.5088051550864131,0.3875613965188565,0.4967479642596711,0.30847431217343363
87,0.5132204287604628,0.393733755986077,0.5002964552552993,0.30951768321464124
88,0.5182123515765538,0.4002973195840595,0.503991682998981,0.3108245051078294
89,0.5223222034242454,0.40621532029328694,0.5071833587289104,0.3116329897690623
90,0.5267935952006557,0.41247725561474335,0.5105089918449911,0.31261012900494484
91,0.5299265843886294,0.4176705378711568,0.5125410918819099,0.31284635318201615
92,0.5328101745240655,0.4226565999554979,0.5143100950069499,0.31278287977647984
93,0.5355190001092632,0.42746021142505025,0.5159455155552604,0.3127952473711708
94,0.5389946424901433,0.4328932147626609,0.5183407253194012,0.3131759344273838
95,0.5415378343876457,0.4377028237282923,0.5199052207295095,0.3129374642801843
96,0.5436064903830282,0.4421141932577645,0.5210555408655737,0.31233962064004583
97,0.5443287719601994,0.44547447108194305,0.5205753470812564,0.31103936739675203
98,0.5455655352354919,0.44921022600303134,0.5206149172538778,0.3102121143881989
99,0.5460712265982927,0.45227562660503456,0.5198986888372598,0.3090629527013028
100,0.5465601851102618,0.45531130795306696,0.5190944551154283,0.3077726008510053
101,0.5467908485905554,0.4581441893787502,0.5179981295073381,0.3062607876618918
102,0.5475736900058309,0.46133315512148787,0.5173619103038156,0.30497970805470637
103,0.5480347307509655,0.4642126808699569,0.5163607868743345,0.3036720075243657
104,0.5494303457605668,0.46780507960537726,0.5162592804353052,0.30275057042391146
105,0.5507014235064556,0.47124868414281695,0.5160231674964144,0.3017532341664148
106,0.5502307084089226,0.47347004341382304,0.5143795886117358,0.3002614775075915
107,0.5513860849538365,0.47676514972655243,0.5138942372876689,0.29937289100945225
108,0.5521743524326144,0.47971641611173077,0.5131351383901352,0.29849337450089464
109,0.5539765816356965,0.48340791625906376,0.5133108103507178,0.29803277574885034
110,0.5543756756850825,0.48599576450157533,0.5121835875988722,0.29680058402327836
111,0.5561549158507312,0.489826883475825,0.5125316788901441,0.2961991609682047
112,0.5579953188378394,0.49371135607617467,0.5130177120666022,0.2955793824304292
113,0.5592494462150922,0.4970530350155761,0.5128589106787362,0.29463515223362546
114,0.5596268199301299,0.4996638939261365,0.5116228482295809,0.2932483147400609
115,0.5594743735602458,0.5018062493475522,0.5099850301419102,0.29176020768329886
116,0.5599513135266426,0.5043851700382259,0.5089644644002362,0.29044771528198193
117,0.5599777561477066,0.5065859215821218,0.507397091602916,0.2889784228683649
118,0.5602466872501373,0.508889578540498,0.5059924362047096,0.2876229641792895
119,0.5597346304454848,0.5105132796262152,0.5040793372697698,0.2861141463213458
120,0.5596674921517341,0.5122860143004195,0.5024777643009677,0.28487461866306873
121,0.5592626895956276,0.5138043663564266,0.5007937802167811,0.28374085610899724
122,0.5599220632824645,0.5161804772776755,0.4998872583110366,0.2829583375463879
123,0.5613686112642576,0.5192252341347273,0.4996569130701634,0.2821327389551429
124,0.5606661928775023,0.5205576152746336,0.4976980505286794,0.28060575176280866
125,0.5601927601980996,0.5220647518539893,0.4958403627609409,0.2790279926819375
126,0.5596835108215694,0.5235543069087685,0.4940148290965208,0.2774714471358633
127,0.5590391159738776,0.524780146418398,0.49218140370822494,0.2759908254178874
128,0.5581387795685424,0.5254534098596502,0.49013324189950447,0.27443099698211626
129,0.5573937900914051,0.52627189961377,0.4881397272793013,0.2728831023316574
130,0.5567005968859398,0.5271872443484916,0.4862263714072777,0.2713026328113367
131,0.5574171496147571,0.5292367324734508,0.4849554898340274,0.27009212795211124
132,0.5586127846481221,0.5317935848795421,0.4839921857639661,0.2690575212426225
133,0.5589208661544468,0.5332654014456938,0.4826199781770932,0.2680301042684187
134,0.5590630781192788,0.5347879436620876,0.4810254305832954,0.26677463404410173
135,0.558879982272755,0.5360777154174158,0.47932138660201756,0.26538785070672166
136,0.5587423482930683,0.5372773210445773,0.4776164604412681,0.26402215570190973
137,0.5587171718823962,0.5385988420334956,0.4760511739837078,0.2627225675478568
138,0.5594361588181063,0.5403639901557138,0.4747287917069394,0.26155964421346667
139,0.5589234831420569,0.5406667862605138,0.4729806709920461,0.2602997824214209
140,0.5583165854192642,0.540881661979325,0.4711982934949929,0.2589874813168537
141,0.5577859657043378,0.5411086954255744,0.4695952210196022,0.2578953998475658
142,0.5572224013175678,0.5412875195288777,0.46815845692178065,0.2568755539671427
143,0.5567469030896355,0.5413412103984894,0.46688160637563947,0.25615467900803895
144,0.5563270366207194,0.5415725240105919,0.465343883243766,0.25505474693133323
145,0.5560248262186425,0.5418468144138543,0.4640011043955209,0.25417860221303884
146,0.5555953063132683,0.5420215768841705,0.46256470320425735,0.2532785536324243
147,0.5551538469997708,0.5422109785638916,0.4612113354589069,0.2525051165836419
148,0.5548050190189664,0.5424641926312235,0.46012998767256885,0.2520519356621129
149,0.5547332375611111,0.5428468552929793,0.45928133160523776,0.25192943941178436
150,0.5549554215959474,0.5438702901033684,0.4582562789082366,0.2513164568772808
151,0.5549262030682858,0.5444284052550563,0.45741955575250953,0.2511082109494561
152,0.5552293042412851,0.5455991239723289,0.45645669603177186,0.2505129350388711
153,0.5554398527166013,0.5466386083756066,0.455471176189847,0.24994880904458974
154,0.5552777655268415,0.546925958384788,0.45477155911268335,0.25014926253229336
155,0.5552205243145854,0.5472705837040048,0.454274590476413,0.250576361749385
156,0.55531228778779,0.5476127451537334,0.4543354958015471,0.2516905395581297
157,0.55614617262115,0.5489707669668744,0.4545887862015526,0.25247099107525184
158,0.5564741332776723,0.5494411747062887,0.4550695074633589,0.25358923043580656
159,0.5567172170897706,0.5499345941589123,0.4553194143917779,0.25463034481720587
160,0.5570162347486188,0.5503789420872609,0.4559776820245209,0.25602079295525515
161,0.5573438552992765,0.5508402158076529,0.45656469168589564,0.25744899235020513
162,0.5587060760967834,0.5525059008513716,0.45707531290775855,0.258252796702367
163,0.5586845405688181,0.5528188363927035,0.45649086398258065,0.2580331718900886
164,0.5594171736837649,0.5538672013838345,0.4557586951154072,0.25719240244399366
165,0.5601141598793802,0.554823689395521,0.45504305181364474,0.2564084868957983
166,0.5608910361621954,0.5560199316343662,0.4547717767542222,0.25617891109289254
167,0.5632819991138246,0.558559512509955,0.45583023418406876,0.2571288829845581
168,0.5657996807635949,0.5613083558993138,0.4571976388825437,0.25824079003556116
169,0.5675701057790232,0.5632025333682266,0.4574261965508884,0.2581870143199652
170,0.5688668530534744,0.5646911734214156,0.45771217859672386,0.25851851624676586
171,0.5693805668853312,0.565243575095998,0.4584253626391613,0.25951466827330905
172,0.5696904732879028,0.5656822140006469,0.45913922538789836,0.2606213734855552
173,0.5698666097855758,0.5659420576559613,0.45960852479001774,0.26121371523259546
174,0.5696991991501417,0.5658457276295497,0.4596125949750081,0.2612608949224834
175,0.5696280171101401,0.5660285579620821,0.459328768078218,0.26107149758244214
176,0.5700629115707185,0.5666695801445396,0.45891621094632523,0.260543748653379
177,0.5704992008981645,0.5673070076259219,0.45855423179126237,0.2600852176389204
178,0.5708276911517824,0.5678778361774549,0.45853532269705016,0.26012265426792436
179,0.5711929730322646,0.5684094693093541,0.4585679226820457,0.2602115558995509
180,0.5710937985739104,0.5684399150033995,0.4583486802833483,0.2601436877282481
181,0.5708041629687916,0.5681978173903733,0.45790413120289764,0.2597930296261503
182,0.5703916150780263,0.5677754419487909,0.45774538471316184,0.25961098298003227
183,0.5693791768479396,0.5666764275543678,0.45709542287784644,0.2590177616505468
184,0.5682919072333252,0.565522606250616,0.45616957934365343,0.25814989726164705
185,0.567910479013549,0.5650637386522915,0.4556740848441972,0.2577359362398213
186,0.5680078646167742,0.565173198766569,0.45585480292098624,0.258095440785932
187,0.5673602074348646,0.5645674325478894,0.45518343460631894,0.2574201590975777
188,0.5674412226699505,0.5647035613406001,0.45509257155671207,0.2573634517261481
189,0.5678866293225678,0.5653071814952658,0.4552920549199823,0.2574987004563001
190,0.5687422898394007,0.5662229000709242,0.4558619295208759,0.2578904722903398
191,0.569304488158835,0.5668548978138647,0.45637395498889743,0.2583290260231522
192,0.5694134343764877,0.5669508574524014,0.4570864437490428,0.2591329385536005
193,0.5701927514151763,0.567774082259032,0.45758782738399695,0.259565575186292
194,0.569451823228801,0.5669312019868158,0.4571590960355817,0.25916727292314323
195,0.5689725794837907,0.5664246624503773,0.45684329290688663,0.2588422618665015
196,0.5685646825384486,0.5658862433051491,0.4566858915938799,0.2587374585089596
197,0.5683099568227933,0.5655869369416233,0.45643255138269917,0.2583894552396776
198,0.567223583905113,0.5643455704713257,0.45581022922537656,0.257852120978074
199,0.5648578934805455,0.5618777023679615,0.45439994881718243,0.25704640399189194
200,0.5634775432985856,0.5603322147606375,0.45359505727641297,0.25633959362242587
201,0.5634626685359656,0.5601982666932669,0.45332360308569086,0.2558033906072428
202,0.563414705454906,0.5599839762533033,0.45303130894261107,0.2553534155026276
203,0.5626810739292654,0.5591356499845197,0.45261552683256007,0.2548783536897236
204,0.5613748416879718,0.5576005336210055,0.4520860116355354,0.2544605277262992
205,0.5601412651369887,0.556220964204252,0.4515609911739334,0.2538474282586361
206,0.5593335819095351,0.5552456583948978,0.4511629826635472,0.2532514786682617
207,0.5585858887642368,0.5543243374331901,0.4509334475715305,0.2529498719819911
208,0.5575852855396195,0.5530970935059463,0.4505878480510673,0.2525064792761719
209,0.5559082920164888,0.5512148960360655,0.4501261963921001,0.25211463867921247
210,0.554339842607764,0.5493548217042965,0.44970346150689633,0.25165042668429
211,0.5533780668449092,0.5480585127307642,0.4495600181232917,0.251387843163808
212,0.5526418476325583,0.5472265539945373,0.4494521363988891,0.2511715851602415
213,0.5520380538805806,0.5463248657172982,0.44946331570499026,0.2510882349709834
214,0.5504673562663571,0.5443385144151502,0.4490202916201807,0.2507162254775435
215,0.549343353248885,0.5427882426752937,0.4490152850173339,0.25073487848030207
216,0.5479533505335701,0.540906948172448,0.44885520792762545,0.2506282358139039
217,0.5462132340728457,0.5387603461305954,0.44824899214474406,0.2500052717421851
218,0.5457699031563238,0.5378973724069495,0.44816909447829056,0.24970443506565387
219,0.5446070931268534,0.5364459453525301,0.44788157594327427,0.24923997147770524
220,0.5434696635131505,0.53494004169858,0.44756517167880927,0.24885481710774623
221,0.5418743954443268,0.5331611557395441,0.4467444112026496,0.24813709843950996
222,0.5396198234911909,0.5305372563381038,0.44569043959076154,0.24742627873721082
223,0.5383543115825096,0.5287166967120119,0.4455100375988424,0.24713936698606975
224,0.5374154381058118,0.527368274696475,0.445548213416544,0.24700648553804677
225,0.536529104319518,0.5260284349909301,0.4456291880881791,0.24702567648485602
226,0.5349806295923772,0.5240312789765326,0.44534434097542513,0.24674178338737285
227,0.5338839786515815,0.522504298068428,0.4451677364453716,0.24649919428062592
228,0.5326319591735831,0.5210221756687988,0.4448684446912449,0.2462780485257499
229,0.5315321626482806,0.5195735541248699,0.4447828105963148,0.2462078811019729
230,0.530637143371359,0.5180059893668015,0.4447498705649004,0.2462316366136092
231,0.5300461483560606,0.51682872962779,0.4449053636097591,0.24635186703190567
232,0.5295508782285571,0.5158708040168918,0.44512738606313446,0.246550447126798
233,0.5288251522639292,0.5144827853772111,0.44527668656796554,0.2466237319185277
234,0.5282174898554239,0.513038790291472,0.4456037707989141,0.24681018480279657
235,0.5276894429326946,0.5115917413133142,0.4460658325828105,0.24722539137674093
236,0.5272062410832558,0.5101975291677369,0.44655241062908113,0.24769855478358824
237,0.5267311359163367,0.508885298196791,0.4470296631418707,0.24805392358309927
238,0.5263691077863906,0.5076229261072454,0.4477394203979518,0.2487057286671408
239,0.5260487546669281,0.5063746186898648,0.4484824799958446,0.249414998272749
240,0.5240295581456352,0.5036129661585043,0.44802676842907024,0.24925936506190913
241,0.5224466195602077,0.5011251382746302,0.44799101798154584,0.24941525056582625
242,0.5200125969147783,0.4980580851418193,0.44705808962644794,0.24905486613933273
243,0.5171706733706517,0.4946228824988386,0.4457846593340866,0.248551016254264
244,0.5151387734020831,0.49187288140518853,0.44537730436376993,0.24864900780711877
245,0.5131595175245517,0.48909404687760394,0.4450660250357992,0.24899821144733414
246,0.5111595350710272,0.48629127075287176,0.44482842857706156,0.24941892962056092
247,0.5085986915812257,0.48298712451430004,0.4439969105004511,0.2495233353345114
248,0.5054852798303441,0.4792661864929303,0.44252384321536536,0.2493136824566294
249,0.5030494115946343,0.4761645965383598,0.4418543488727984,0.24944834895367193
250,0.5016394185798068,0.4737885741891765,0.44216474456042093,0.24996937442115938
251,0.5001917651627844,0.47139424372814204,0.44231230475622324,0.25032148603701876
252,0.49885785650941544,0.46899338172609467,0.44275235398772667,0.2509383877212324
253,0.49648119293295284,0.465817226959758,0.4422825137931975,0.2511905026219892
254,0.49332032237436296,0.46190538484868626,0.44094391065649075,0.2511025164133745
255,0.4910754859378415,0.4586703159834853,0.4405935308825683,0.25150438381047385
256,0.489297809768882,0.4557367263067607,0.44060333920835143,0.25202682877744564
257,0.4873148626768233,0.4526144098629172,0.4404432435053128,0.25253146902683316
258,0.4858259833717117,0.44978714630487326,0.4407443987606721,0.25324627052771337
259,0.48443664417061366,0.4469898024453528,0.4409773770210581,0.2537809863712719
260,0.4830251569961168,0.4441483658224729,0.4412039698542903,0.2543243902370823
261,0.48153558030226606,0.4412942350634712,0.4413437109014846,0.25487527240360924
262,0.48038182102836924,0.4386874345174289,0.44175731763239695,0.2556074137341896
263,0.4791794887988645,0.4359644009060226,0.44202552790130206,0.2562983200503667
264,0.477448389871544,0.4328508259162011,0.4416791672202915,0.25660002246673996
265,0.4761314979425537,0.4299181214740199,0.4417870366444359,0.2572124414617873
266,0.4752827701260237,0.4272419684623466,0.4422693114270245,0.258083557524093
267,0.4739658786837134,0.4242164734041824,0.4423756413968767,0.25884666916504523
268,0.472486995875054,0.42105779315924025,0.44235029515044993,0.2594339680328037
269,0.47095448193574574,0.4178907193260972,0.4422568223758341,0.2600291188983101
270,0.46985284754240325,0.414927066069382,0.442485904607897,0.260778818976862
271,0.4687877738187665,0.41199448101839825,0.44281098131029856,0.26162571668916595
272,0.46757537385813286,0.4089329182884171,0.44295723048786184,0.26230861911780773
273,0.4664564927124834,0.40577751630484665,0.4429587891994353,0.26286384778753635
274,0.46543599473821995,0.4027099445022195,0.4430930173090227,0.26361565151718824
275,0.4646361180726125,0.3997006922392187,0.4433596755638275,0.26447776187191274
276,0.4638167674770514,0.3966209289992243,0.44358424745053143,0.26530075133839676
277,0.46259474307028925,0.39339986193248494,0.44328763858006565,0.2656175814973138
278,0.46191823663293535,0.3903815174430817,0.4434769597528745,0.2664939794517362
279,0.461460588176881,0.3875369464369209,0.44388675987214415,0.2674987389764121
280,0.46113317647062035,0.38479622287958626,0.44441155615784234,0.26852701813219176
281,0.45960348585733496,0.38120100114922806,0.44378531753031597,0.2692907210913596
282,0.4578280007954325,0.3775548489601823,0.4428305811918665,0.26978205028077856
283,0.4556256741904351,0.37349940266731463,0.4413945035157029,0.27002979393834037
284,0.45168147763265704,0.3681519935557043,0.4380487890375293,0.26889301768519286
285,0.4483594956995736,0.36313203837464336,0.4353917583351166,0.2681873400119969
286,0.445989303779688,0.35882257499210946,0.4338387765994707,0.26831789411378343
287,0.44237765716844857,0.3535665402400207,0.43084243539186806,0.26772213697661235
288,0.43837096588647384,0.3481249069583472,0.42751199848852667,0.266799035103885
289,0.4339331102717182,0.34226914560418814,0.42360069707791004,0.26542827328605706
290,0.43046797511057877,0.33725495732182087,0.4208750262108747,0.26488032443443676
291,0.4265230911529803,0.3318961376998826,0.4175667580006118,0.2640909928480378
292,0.4220578030231548,0.3262723940076703,0.4137443783776494,0.2627485840915022
293,0.417997380898986,0.3209441664569508,0.4103492091064442,0.2617481260267765
294,0.414499623579218,0.31592177696017454,0.4075172416516341,0.2610201779339349
295,0.4119250067178295,0.31148494619318995,0.40554795272981037,0.2609704049316165
296,0.40849315705243194,0.30662757326832873,0.4025359737172161,0.2604839660474609
297,0.4047914374055623,0.3016888606694459,0.3993369162667211,0.25963155028308305
298,0.4007103675790893,0.29660039613766526,0.39573818868361016,0.25847359481235194
299,0.3966716684459382,0.2915325206243353,0.3922539628317183,0.25736362897754
300,0.3924930137308861,0.28640795239158107,0.3885844566866423,0.25617640795565005
301,0.38842179354790624,0.2814503434277622,0.38499769266172157,0.2551168802876023
302,0.3843508518519021,0.27655082334113984,0.3813171969306822,0.25404474818621303
303,0.3799097172124239,0.27139748776586026,0.3771853448216939,0.25263332187179005
304,0.3755425170758163,0.2662599535698275,0.37319193570906956,0.2511335320653565
305,0.37074626598213717,0.26085961761905796,0.36874584572965907,0.249318380912403
306,0.36558207214305727,0.2553762226040386,0.36383423165845824,0.24734851011283215
307,0.36030333939435605,0.24994742428048464,0.3588464555896657,0.24540423619363613
308,0.35539122796430844,0.24477468744720926,0.35425290299969214,0.24368288078964365
309,0.34940710696760785,0.23933479035734231,0.34851993979196993,0.24102900853857098
310,0.34400951730203977,0.23401637974095216,0.3433690468073835,0.2389422558902725
311,0.3389111406532875,0.22896609026543527,0.33852218624761027,0.23720293562564576
312,0.33336408620177715,0.22402912450290335,0.3330438960686347,0.23474155405992728
313,0.3283548605344113,0.21902633735466112,0.3281373826615116,0.23292563582974368
314,0.3217384552217777,0.21353470269557828,0.3216388530444365,0.2293753227986397
315,0.31442866150566584,0.20724903440927656,0.3144279839789463,0.225556775464458
316,0.3071968214358975,0.20144373514867622,0.3071966485873087,0.221557615700144
317,0.2996011472405073,0.19529621938141983,0.2995314679939532,0.21728682779761604
318,0.29205631821009004,0.18919689633170997,0.29195396285847613,0.2130076730778994
319,0.28470448143707494,0.1834113821634051,0.28441990626657504,0.20874738895303863
320,0.27722791907691846,0.1776930558097036,0.2767893211172138,0.20439010812063974
321,0.26976435152712314,0.17207664413913895,0.2690979175350475,0.1999992396430192
322,0.262331121240511,0.166223124993013,0.2614750823963897,0.19583839229010802
323,0.25479965308932184,0.1604764182426279,0.2536189045903771,0.191502706525026
324,0.24827624367889467,0.15527299540416512,0.24675490518683937,0.18785089605059027
325,0.24116884278992523,0.1497780884753837,0.2391920089436556,0.1836890564148981
326,0.23457302523549664,0.14466647498403842,0.23197973070321173,0.17981186933015192
327,0.227325739541014,0.1390980436962812,0.22417939285636354,0.17551800907907564
328,0.22033956535003424,0.13353336342994507,0.2167137102393969,0.17146886624183857
329,0.21385423083255994,0.12830407226947127,0.20987228759620397,0.16793526801344547
330,0.2083017573621431,0.1236375350179674,0.20409204366634354,0.16506658926168316
331,0.20192518927400901,0.1186427195186454,0.19727047374448675,0.1613848285654873
332,0.19574409759285596,0.11383667244381208,0.1906821579319993,0.15780202789679906
333,0.18962747660472104,0.10925018676335249,0.18409294504034426,0.1541085908883455
334,0.18344332229541932,0.1046168777040385,0.17751371413092,0.15034238141495207
335,0.17753931730321984,0.10010524869793781,0.17100347284189577,0.14675743487649157
336,0.17184776401109386,0.0959394691398673,0.1646566822156086,0.14333899721901655
337,0.16754633408915412,0.09240786600687871,0.15948125656101309,0.1410252825865313
338,0.16193604785468707,0.08833298632283629,0.1532264488340562,0.13753695246681794
339,0.15550650925787848,0.08390833938337519,0.14626176748091677,0.1333688306140872
340,0.1491183999080224,0.07966599837367298,0.13926812133821473,0.12907441895129868
341,0.1425703816314386,0.07546286566157528,0.1321565379897881,0.12458944781573261
342,0.13611792535053555,0.07131319925727428,0.12502823608744765,0.12010516691772412
343,0.12909670498480416,0.06708080208929915,0.11736147347106662,0.11514385275669159
344,0.12387403913327252,0.06372117349470259,0.11145546552638194,0.1114786261943085
345,0.11840173062202902,0.060245538605284824,0.10540782146078885,0.10753944921963644
346,0.11276377153006677,0.05661521734957378,0.09927993408725379,0.10351955887285809
347,0.10676843872413436,0.052975129750505355,0.09287981386253577,0.09902075428404876
348,0.1010033183875358,0.049557032167613785,0.08686804965604239,0.0945798525949193
349,0.09524760102761995,0.04624494066187363,0.08089833277382955,0.09001101384857739
350,0.08985125983449246,0.04318412540472077,0.07538268576220354,0.08569408317181204
351,0.08321491111916546,0.03975594849236016,0.06917122739898295,0.08016207774918181
352,0.07677608266394961,0.03637889653357336,0.06317164088947051,0.07466938613127258
353,0.07082474542370851,0.033338687446878935,0.0576591462057058,0.0693648684419633
354,0.06508978117069282,0.030459260547452217,0.052551521620597744,0.06419229717259549
355,0.05972591486853658,0.027766485096522037,0.04772806128961309,0.059142041997529635
356,0.054869109576478614,0.025445046210403673,0.04342237383775815,0.05452835293154437
357,0.0503775415947081,0.02329231122501942,0.03944449404307126,0.05022003343565194
358,0.046167503594063374,0.021306070225394536,0.03588278888518744,0.046132280750489835
359,0.042421839013950094,0.019508314621589043,0.03266463846880221,0.04228986088938095
360,0.03878571512667927,0.01787584037983593,0.02972316781454329,0.03841030554826409
361,0.03559011973134878,0.016519797607904917,0.02717603238006236,0.03488167957738301
362,0.03331993835873021,0.015504001474374177,0.02524811891070999,0.03242157183968598
363,0.03133646255991091,0.01453825331059077,0.02346796901109995,0.030120572693238097
364,0.029007180171359406,0.013442265546761928,0.02156604710141201,0.027537355034761467
365,0.02682836553408815,0.012465438735599124,0.019808149794054097,0.02521702743304375
366,0.024675033218125232,0.011596263785054921,0.018168657374873613,0.023014492384100218
367,0.02337729143663068,0.011051797309115192,0.01725574263972646,0.02174522586472733
368,0.021851273001017656,0.010474509766234161,0.016191180254813423,0.020385818226458855
369,0.020822255887939227,0.010063411425106113,0.015378332957594994,0.019348899811109887
370,0.02026824154183304,0.009873542387627538,0.014943002897801398,0.01881271864155406
371,0.02090933200357521,0.009998761406069675,0.015316850772600166,0.019291358485515546
372,0.02234297231826296,0.010377868747223188,0.01614295063967426,0.0205466030464975
373,0.024271655714317733,0.010923407712064345,0.017329346542033792,0.022296500776223943
374,0.02611512549377632,0.011430878853181076,0.018560877867910684,0.02403388155836733
375,0.028358619613423994,0.012188585851483934,0.02005512274203351,0.0263053687719873
376,0.031160783947754015,0.013244128318460776,0.0220044778938498,0.02911998096975903
377,0.03422814402766871,0.01441096624094091,0.02415986457779599,0.032228396148359095
378,0.036939226005928444,0.015443377397208816,0.026089350516605804,0.03507454528627014
379,0.039970275301535574,0.016549166303959542,0.028266873665914585,0.03823162365983116
380,0.043824598636220666,0.018104287461056343,0.031191305862457427,0.04247210205237713
381,0.04782883698024786,0.019790587092324955,0.03434301772385308,0.04691449521220533
382,0.05219749976026129,0.02162840229220302,0.03776471880952676,0.051840221719196077
383,0.05677451056455585,0.023568801654313937,0.04144306037700303,0.05665180117644539
384,0.06091917248541288,0.025369900498177046,0.044782333161462316,0.06087832109644948
385,0.06533188516363861,0.02733477080002613,0.048507232525960266,0.06530919612252227
386,0.07028681828136962,0.029617692543973107,0.05268451193863031,0.06991962710173298
387,0.07520996409806854,0.031804030132970514,0.05696961764001596,0.07447481074472097
388,0.07990713075410942,0.03404677357139601,0.06111131646184938,0.0785712651377604
389,0.08542488224660229,0.03671341678781971,0.06617873549917216,0.08336120583418
390,0.09175057902505286,0.03980748450672525,0.0720967811816344,0.08871085847182357
391,0.09731032232874026,0.04265107373089278,0.07745504238435279,0.09326941746557298
392,0.10272131565347604,0.045500033458074504,0.08269440050229372,0.09754009778170891
393,0.10850820154800413,0.04845775052376294,0.08827012692592973,0.10212460757687059
394,0.11467678922501273,0.051610073045469655,0.09431149386034339,0.10701159781569819
395,0.12087027323078049,0.05489034771600208,0.10047802807093172,0.11179202539888626
396,0.12706867584471618,0.05827979379611436,0.10687550333217201,0.11631389614183348
397,0.1334141319225707,0.061837032690514014,0.11354486947734191,0.12076583400815749
398,0.13920194070279,0.06525206396057898,0.11988187002592168,0.12479609997830021
399,0.14442826328919756,0.06845103934263468,0.1257664837596134,0.12821358725031423
400,0.14984486050294138,0.07175875385661051,0.1320057745633015,0.13186331528460812
401,0.15577315084127072,0.07549681838206938,0.1387983036454754,0.13590669621663762
402,0.16140380586633601,0.07911931580598322,0.14541994786491938,0.13954906104204762
403,0.16676369600273702,0.08272003019611131,0.15192192121858822,0.14283384752938516
404,0.17364969664482993,0.0871939415156764,0.16005602865945773,0.1471344257326927
405,0.1809508304915547,0.0919967516966029,0.1686199089562679,0.15164300301792832
406,0.18878695635464474,0.09704754403866811,0.17741673582978354,0.15629388626871063
407,0.19637068975001062,0.10216955845241564,0.1861567226785005,0.16081827666112705
408,0.20423302979621807,0.10747833865296176,0.1950719147107331,0.1654417454127392
409,0.21119048542068453,0.11250577155431064,0.20310157054776865,0.16948800848729134
410,0.21889317348492635,0.11800843323627591,0.21177247550300013,0.173908555536943
411,0.22702809274598457,0.12379203193705453,0.22087153874149176,0.1785511832318432
412,0.23456857485542693,0.12945767309594217,0.229137722959554,0.1830406669042694
413,0.24126388951239391,0.13470948855783837,0.23664445049024913,0.18692882930653545
414,0.24803111729237898,0.14011707814512595,0.24413284932871832,0.19081281910629327
415,0.2545899784673387,0.1455730496299848,0.2512930277234364,0.19462779647241923
416,0.260791128796584,0.15088410638796995,0.25805257685865735,0.19820853757955562
417,0.2669234110499287,0.15614627113261953,0.26470707228906104,0.20169719669151498
418,0.27325868374265333,0.16163405019068416,0.27145279880118905,0.2052943509377954
419,0.2798796356516592,0.16739941179488885,0.2785446780620841,0.2090543932912704
420,0.2863447700029539,0.17317225780298517,0.2853635159709667,0.2127239810404483
421,0.2920542132256313,0.17849272039129074,0.2913358620495233,0.21603114269840412
422,0.2982408425152946,0.18386117665729423,0.2977311657599057,0.219421419371483
423,0.30458918507710625,0.18931762575263325,0.3042658295691907,0.22286560820479284
424,0.31217980327839834,0.1958208729504038,0.3119749915618022,0.2270847668326252
425,0.320011036728255,0.20224776283164855,0.3199042814135506,0.23121543827528976
426,0.3278258440049639,0.20888003227306776,0.3278158065929003,0.23547674076634775
427,0.33497392566378975,0.21484242370328938,0.33496391500602357,0.2393122964827372
428,0.34172790286017735,0.2207508841846533,0.34168739537987936,0.24290209679308125
429,0.3482753242847024,0.22675710540733127,0.3481635750214613,0.2463652499584136
430,0.3550600821558938,0.2330483356308038,0.3547593546641284,0.24999799037679057
431,0.3619883158555033,0.23944928599917217,0.3615261258634126,0.25367602085059965
432,0.3680990341989771,0.24544426015855383,0.3675932323247294,0.25682094816264844
433,0.3735971798528028,0.2508025807400068,0.3728435353446016,0.25921836684698235
434,0.37986685163541123,0.2569228894726972,0.3788966723784195,0.26237554784103334
435,0.3858869693867246,0.26293323732321805,0.38464121371645194,0.2652591401991213
436,0.3920241428063554,0.26931180481889433,0.39042726101224345,0.26843347971884496
437,0.3985316447323883,0.2760562709245351,0.3966828902963242,0.2719707873289349
438,0.40474657509489054,0.2827142203475677,0.4027284558010979,0.27531905203592655
439,0.4102876893838837,0.2885024298375215,0.4081054968309092,0.2778171216567338
440,0.4150778813380573,0.2940039677751613,0.41277356198094795,0.2796774057490787
441,0.4183537220324975,0.2985267639877505,0.4157697698184581,0.28050101330583693
442,0.42231557088584537,0.30348264491409394,0.4194628345358482,0.28166237727781274
443,0.42764748500095046,0.30969196937541077,0.42454578672245236,0.2840499431309704
444,0.4327782600473294,0.31592705113637615,0.4294308030950093,0.2863662605948227
445,0.43679884295158655,0.3214273433267853,0.4329341695226443,0.287708257279765
446,0.43964192136642655,0.3260015637978802,0.435186449991633,0.28804494316586254
447,0.44378719752781676,0.3315939392634964,0.438756613208517,0.28962072063198235
448,0.44807345740267274,0.33737451996606177,0.4423435389621268,0.29123222506373947
449,0.4509876905307885,0.3422395504669035,0.44462004011997086,0.291475150103194
450,0.4533975133832839,0.3467578416746794,0.44646807640341973,0.29123109673418046
451,0.45698317439495767,0.35210567995409797,0.4493913095006143,0.29202448702848716
452,0.46016523484945704,0.35716452660528697,0.45190892304004204,0.2924137157982353
453,0.4630244129913649,0.36190705057048783,0.45404048230586136,0.29263743626253536
454,0.4670674032455297,0.3675618626550122,0.4573790438253129,0.29381315992817464
455,0.470924440873227,0.373169138975136,0.4604636798230507,0.29477607830234887
456,0.4741432962871233,0.3783516041359853,0.46288378777257916,0.29521728316685364
457,0.4760606555597961,0.3825305011762011,0.46392562717035735,0.29460667194777984
458,0.47958446552031986,0.3879015166810623,0.46663602215421807,0.29533483357825524
459,0.48315787728159265,0.3930692423466742,0.4694809442158189,0.29607325807612755
460,0.48572735852348564,0.3976063884105794,0.47115839008685634,0.29620726981494094
461,0.48674982378401876,0.4011066371359385,0.47120239943413067,0.295496913059793
462,0.48933032066184706,0.4056923751855909,0.4728758627922664,0.2956897763528487
463,0.492353065333199,0.4107988078792477,0.47502467411182014,0.29596653232545134
464,0.4953394725786685,0.4159679577896257,0.4771226971372338,0.29620212568385546
465,0.4978605682967305,0.4206583720000315,0.4787332809492816,0.29599175022168445
466,0.49940088035850716,0.4244862108255069,0.47921582402735313,0.29512241459154676
467,0.5010803483737353,0.4283215820996122,0.47981468346470324,0.2947108142342124
468,0.5037995288488663,0.4329390806261826,0.4815471706241892,0.2948636468749208
469,0.5059561163349939,0.4371208361930586,0.4826235331973467,0.2946308774918174
470,0.5072470908807358,0.44060466523210895,0.48271437268776285,0.29375061152948606
471,0.5099782912130364,0.44506569142144886,0.4843205164765416,0.29385655309173647
472,0.5125891312844633,0.44947623842945456,0.4857871994044483,0.29358385343544885
473,0.5160728653533366,0.4546490900763685,0.48822706993123344,0.293769164798425
474,0.5186633535867419,0.4590341577860718,0.48984279264145236,0.293586102952166
475,0.5205699391192679,0.4627002823428898,0.4906952049478316,0.2931383719203594
476,0.5220707549937856,0.4660614801887737,0.4909817659949093,0.29248444268936874
477,0.5229640917037252,0.468985942058672,0.4905816401763909,0.29133601741164156
478,0.5240378485170479,0.472108922724562,0.4903632152687873,0.29033284520941255
479,0.5250115217649749,0.4750779445049675,0.49008495121455026,0.28925149158120944
480,0.5254410561613946,0.4775169525477944,0.4891175519582131,0.28787879086667334
481,0.5255641929689817,0.4797321715893449,0.4879007404792006,0.2864352386637306
482,0.5260766231601439,0.48214661849647444,0.48691804629637964,0.285079706312465
483,0.5262563773684292,0.48417416933491403,0.4855126762176159,0.28365304263323077
484,0.5261588681906482,0.4860357711033051,0.48390249127557017,0.28216498293572423
485,0.5254599107499284,0.48742639703498686,0.4821541054859769,0.2806767846425282
486,0.5245560969401848,0.4883671795871512,0.48017134829222735,0.27903626706517753
487,0.5237820107299326,0.4895339442731558,0.4784002270497199,0.27743200157964565
488,0.5238577561196971,0.4914112643159754,0.4770172483394592,0.2760321648141288
489,0.5239477365425723,0.49319317990108985,0.4756529792888939,0.27467699963437786
490,0.5250914942028521,0.49555908078585903,0.47506480259238826,0.27362908855780943
491,0.5262261322404087,0.49794242614964473,0.47462907261845033,0.27272672579022833
492,0.5263730220376676,0.4994565592925802,0.4734485251478692,0.2716919549428122
493,0.526874985885172,0.5011467697939582,0.47236610464796064,0.27057520594491835
494,0.5278548401137987,0.5031366123032648,0.47161517532665553,0.26971935507401623
495,0.5291255093433362,0.5053250433120849,0.47114138238330594,0.26896835552318676
496,0.5305754435932537,0.5076843322846,0.4707155256818148,0.26820010315154924
497,0.5329008470544897,0.5106832775682979,0.4713545385307179,0.267799889185821
498,0.5364334593794524,0.5149263352035973,0.47351024704451633,0.2678708202681868
499,0.5393660581944233,0.5184957049550448,0.4749480567020337,0.2676067934677512
500,0.5411641923139456,0.5210527734384437,0.4749238010293775,0.26676230455825134
501,0.5422298324766538,0.5229228278215148,0.4738891236630386,0.2655150706403913
502,0.543876622000798,0.5252472582848714,0.47359382194807637,0.264725523271552
503,0.5447999478139628,0.5268539572766922,0.472754053091353,0.263946596904697
504,0.5452925843792046,0.5282351112519601,0.47145885814924493,0.26272521710392877
505,0.5463497004265108,0.5300789279895454,0.47062967087721946,0.2617064171651877
506,0.5466643375123622,0.5312883088685245,0.4695368757587031,0.2609361641999429
507,0.5469870511459873,0.5324132963391407,0.46858637999269814,0.2603366569491053
508,0.5468492215565024,0.5330887093595823,0.4676709781482303,0.259977925383744
509,0.5479276632315321,0.5347688445721467,0.4671512504224384,0.25957413868623647
510,0.549088216230067,0.5364947769794111,0.46699954915060937,0.2597142601587142
511,0.5507540582905115,0.538761849733715,0.4668815028778868,0.25932733616335035
512,0.55163077140146,0.5403083959537333,0.4661221492952393,0.25856141398547733
513,0.5518858845970211,0.5412768686862266,0.46513122025146686,0.25788456073153426
514,0.5517009486322569,0.5416560808389284,0.46406166364606144,0.25733670679993526
515,0.5521227302800851,0.5427562951372693,0.4629067932886413,0.2564265509092048
516,0.5520831737707335,0.5434578769067596,0.46183600323369695,0.2557824612300441
517,0.5525810992472053,0.5444245845170906,0.4606446312339854,0.25474725596911363
518,0.5531854674343959,0.545613832441167,0.4596023665089633,0.25387087094887995
519,0.5527568374625283,0.5456311716698674,0.4582246412807983,0.25287025985057954
520,0.5525291483912996,0.545926179333786,0.45696000147030474,0.25209722017956804
521,0.5522287570479886,0.5459740351091286,0.4556921261231334,0.25144257669743564
522,0.5519322680458832,0.5459794533756341,0.4547289618299011,0.2509682642918424
523,0.5517422928006719,0.5460275723202183,0.4540618891505328,0.25091099697891306
524,0.5516324854504507,0.5460961939317412,0.45360768327647544,0.2511742545558939
525,0.551646873340937,0.546246267917613,0.45355497783784793,0.2518524182219891
526,0.5516345220199352,0.546454802722716,0.4533277551991559,0.25240344147054244
527,0.5515723281437248,0.5466245112583281,0.452983184222045,0.2528043049807523
528,0.5521857595995101,0.54764625245093,0.4526681675687256,0.25284487325959804
529,0.5534245108915272,0.549060509856062,0.45206905751605725,0.25211081278165276
530,0.553686051747482,0.5494118698964906,0.4512665858961233,0.25134249682945936
531,0.5535307896356834,0.5495564825868091,0.45023727429761434,0.2506569463818829
532,0.553251420465834,0.5495527788774907,0.4494421151300617,0.25039752394248466
533,0.5531868851816193,0.549537607039568,0.44904310172239464,0.2504689202478117
534,0.5534264612654295,0.5499698708169046,0.44866376026306937,0.2504743059616972
535,0.5535482984986814,0.5502347735463687,0.4486299797202716,0.2509225176144475
536,0.55353593766326,0.550254315840301,0.44843437605747777,0.25119761838711796
537,0.5529943789762894,0.5496981848870945,0.44785299410055485,0.25106288773379487
538,0.5528812376769086,0.5496746977661872,0.4473049113271571,0.2507111231165844
539,0.5531192258252993,0.5499945730032236,0.4466452330511654,0.24998809653988716
540,0.5535672628901424,0.550561176197032,0.4468745746693341,0.2505473785085311
541,0.5522863406717338,0.5494229481239539,0.44550781558332747,0.24972014937133705
542,0.5521714186385767,0.5494589291207291,0.4447307435512064,0.2490212473673525
543,0.5520158060576642,0.549325477889517,0.44421771220332523,0.2488232412623698
544,0.5520047649633146,0.5493587755331215,0.44399315420115154,0.24895127004159603
545,0.5516901520797607,0.5489963071328933,0.44328014471955707,0.24833617641905753
546,0.5514725701995629,0.5489218933704008,0.4425621787229611,0.24764699005598353
547,0.5517447615422455,0.5492491371736322,0.44203499245298883,0.24705173713478484
548,0.5528914877090476,0.5504382687424532,0.4420206532270452,0.24676513208274667
549,0.5542926988000747,0.5517222575589511,0.44207329084105285,0.24646219148301643
550,0.5548391638307167,0.552321813133209,0.4419003587987491,0.24620421727545747
551,0.5548563271119912,0.5523770532524036,0.442073163971483,0.24673978152588832
552,0.5538903216334564,0.5514636520264798,0.4410324614648961,0.2458492139599411
553,0.552259538723679,0.5497909290204182,0.4400380685588152,0.24528635783584013
554,0.5514567026066345,0.5489879828017552,0.4396492114250749,0.24521303116621077
555,0.5501752898987637,0.5476068463242011,0.439287743152725,0.24518645315362203
556,0.5479042790983618,0.545277615893114,0.43838802792575693,0.24513271516573018
557,0.5454994155030435,0.5427930513054802,0.43751385957818406,0.24524560640185247
558,0.5430131483087269,0.540207708862723,0.43662461707938577,0.2452243035246694
559,0.5418760503346028,0.5390830200261899,0.43577287063699854,0.24448054237831138
560,0.5408788639598,0.5380065829651832,0.43507151663233173,0.2439008018618738
561,0.5404018961754019,0.5374898973958285,0.43477318829520645,0.24377155329966085
562,0.5395307331247823,0.5365404697084302,0.43426440767365915,0.24340551073994057
563,0.5386873362616175,0.5356239261902763,0.4336096042046598,0.24280955317722433
564,0.538684353544567,0.5354225259558325,0.43332656952113224,0.24214261622154018
565,0.5378941321674325,0.5344772414523408,0.4326972606121129,0.24148902284380294
566,0.5363107311066374,0.5328661567608568,0.43178471757033005,0.2407652101714419
567,0.5352875889721439,0.5316420974153192,0.43116583878574427,0.240308477685417
568,0.5344698100257375,0.5306481512452536,0.4306497696061828,0.23998559814307135
569,0.5337500862292208,0.5298653016232793,0.43020285502743694,0.23959565625659976
570,0.5330329948258554,0.5290694323086538,0.4298007140039305,0.23924399098080096
571,0.5318223430571971,0.5278058409246865,0.4292399791377183,0.23879357981620097
572,0.5301347374715594,0.5259531754477388,0.4286125278054509,0.23837763557384498
573,0.5284041248044556,0.5239906318832445,0.4278942437069953,0.23783093213058407
574,0.5268681231434601,0.5224084471817108,0.42724815606036415,0.23730113715534645
575,0.5248358564738284,0.5203517105325737,0.42634238000885,0.23671154046513984
576,0.5228327530126669,0.5180939384607943,0.4255186610942385,0.2362119496549427
577,0.5207969122153671,0.5158044381872408,0.42473277254044267,0.235775853889414
578,0.5184533283586601,0.5132307202584003,0.4238548666515044,0.23542811652086432
579,0.5167577011248319,0.5113311228011901,0.4231861878737073,0.2349233526405689
580,0.5155303622140289,0.5097568793560495,0.4228275194304719,0.23461004934137972
581,0.5137195586531161,0.5076245084978961,0.42222499004941494,0.23412340634818218
582,0.5120714376181901,0.5058535921817243,0.4217378982372563,0.2336654565607165
583,0.5101823188525721,0.5036413514364824,0.42128365084593233,0.23328905798200197
584,0.5082437934778459,0.5013500504600001,0.42073287501280127,0.23287674393961164
585,0.5061676057807176,0.4989349497393075,0.420042245580927,0.23244545790569046
586,0.5036878136052875,0.4963991490411045,0.4190004701832143,0.23189032287696273
587,0.5025416317960308,0.49505383412863446,0.41865575531156335,0.23158152642863722
588,0.5003070501103988,0.4924066439806395,0.417907172152199,0.2312053244491939
589,0.4988951853702221,0.49048353642335085,0.41766687139738035,0.2310589195048015
590,0.4978004897407898,0.4889446395559825,0.41755081070740385,0.23103287551864868
591,0.49642204619837743,0.48704007420725154,0.4173228021730767,0.23085780697093702
592,0.4941489003075256,0.4843221265401409,0.41660531733868367,0.2305920530971264
593,0.4919325912557853,0.48161503329486127,0.41598800394494445,0.23037887521315922
594,0.49048341392439426,0.4796215424696642,0.41575443224361763,0.2304388023202977
595,0.4884243497547454,0.4770739731528613,0.4153593590723032,0.23045206896763584
596,0.4871912572600533,0.4752161892432924,0.41538950000330804,0.2306437519240698
597,0.48591462098582394,0.4731886443111326,0.4154008654555895,0.23084595326092008
598,0.4840546515493699,0.4706971785815868,0.4152326810355082,0.23093598696764917
599,0.4826206218442709,0.46847462019483466,0.41529317029051377,0.23112541924859206
600,0.4811197455496245,0.4662037475861044,0.4153778400990064,0.23135428338383596
601,0.4800034407789485,0.46416696527737283,0.41561940840176215,0.23169635926761814
602,0.47952112649650125,0.4626506308631741,0.41617038537016093,0.23224021998636954
603,0.4791583746309938,0.46128385431575475,0.4168178244747228,0.23282805457302533
604,0.4788915273661517,0.4599344816594318,0.41751763839205236,0.23354767175542102
605,0.47797923919358204,0.45798886836669145,0.417551359691404,0.23373276229322995
606,0.4771594151530374,0.4561033720376076,0.4177033557224301,0.23399794211006777
607,0.4762683753463965,0.4542915331016277,0.4177746719588167,0.2342001498962614
608,0.4752317673751015,0.45230993388066953,0.41771933506648856,0.23430662407325334
609,0.4743787204157824,0.4502532704034821,0.4178214639035711,0.23461667725617075
610,0.47348487108611786,0.448092063362341,0.4179044049896308,0.23496140525392495
611,0.47249511807590905,0.44580831144263033,0.41789562993430707,0.23532454361254745
612,0.47160789838304573,0.44376854011593136,0.41798083550393816,0.23570630406783824
613,0.4702466259767133,0.44156161984990266,0.41787764977853176,0.23582736349704878
614,0.46910299114205933,0.4391754120980757,0.41798909488345626,0.23624327513930288
615,0.46819291998604107,0.4369847157173763,0.41828282255264876,0.23681590687541107
616,0.46733062680557585,0.43490938374754956,0.41866110042690774,0.23746259234146613
617,0.46624067070103214,0.432531822532604,0.4190043677543561,0.2380432449146528
618,0.4651190598892036,0.4301900847513427,0.41928311536206436,0.23860177062170423
619,0.4636492220166825,0.4276708513103895,0.4193153561684987,0.23887725373412702
620,0.46284980272292753,0.42552198237016414,0.419740653009159,0.2394895335486877
621,0.462137039567097,0.4233746593881283,0.42022118368507533,0.2402193306760205
622,0.4613840900214561,0.4211252021695727,0.42072571171147544,0.2409271538256757
623,0.46082652126015106,0.41921319475598734,0.42131962950136076,0.24175732642246148
624,0.46029242646181945,0.4171476100353849,0.4219412520263494,0.24257871947416496
625,0.4594461331051256,0.4147238199212522,0.4224289651447393,0.24331697984935927
626,0.4584195332171362,0.4121639590834846,0.42285515221839554,0.24403090875024042
627,0.4572563189601005,0.4095057198068566,0.42315865944469905,0.24477067982088516
628,0.4553676720934501,0.4062512154536745,0.4227848183981058,0.24531714233370017
629,0.4539175727689545,0.40327832798813246,0.4228088309020229,0.2459444444465675
630,0.4527255013758851,0.40041399403107025,0.4229441989130661,0.2466123313250256
631,0.45072466998366134,0.3969168593397852,0.42226567300923723,0.24712484300816479
632,0.4483902548671037,0.39322900571941727,0.42121609294538703,0.2475386171539326
633,0.44622967557267995,0.3896728079475735,0.42042179287557385,0.24805478317452534
634,0.4445266406458233,0.38642589044938735,0.4200184885365469,0.24870863031194956
635,0.44260562094389916,0.38303464152903605,0.41941584483103184,0.24930214905491233
636,0.4404922884441309,0.3794042220933305,0.41855451000346555,0.24980273204856668
637,0.4388397957266176,0.37612675031256226,0.418109741346101,0.25047830522072184
638,0.4372908520663697,0.37287682350933815,0.4177584003977332,0.25116147503066266
639,0.43541181469139173,0.36928134666950563,0.41693074795168156,0.2516509798163051
640,0.43373846285022843,0.3657092289851336,0.4161941574495358,0.2522617492464775
641,0.43293314150006035,0.3628381574718248,0.4163707450743086,0.25311036001756654
642,0.43176110461865697,0.359668787445885,0.4161268664858599,0.2539248737678233
643,0.43048653199839443,0.3564370421445699,0.4157593567050517,0.25476429701904374
644,0.42894976189294803,0.35301268429184185,0.4151225806316333,0.2555098861421315
645,0.42762911950288596,0.349883936110345,0.41480434636667496,0.2564909137615731
646,0.425821048673,0.34625044867515037,0.41392613721400606,0.2570883353407548
647,0.4238195593680889,0.34243715091742305,0.41294628880081113,0.2575812150399825
648,0.42180231465842555,0.33867115152452415,0.41185612518897025,0.2580085614260162
649,0.41945517963239864,0.3347496727091728,0.41037456517045534,0.25808447493782016
650,0.4175437235248372,0.3311523138686576,0.4092603228818801,0.25830974362004594
651,0.41615742284078944,0.3278843434873369,0.4087649262934245,0.25905095980664644
652,0.4133267857083261,0.3237787833646126,0.4066288329215979,0.2586454396414589
653,0.41017423708049694,0.3194322027503366,0.40411106994648155,0.25802274871316366
654,0.40704310417986395,0.3152648864629754,0.4016580751359375,0.2575073963982347
655,0.40437013602394856,0.31121525578834663,0.39964960721920306,0.25721214010324767
656,0.4008816978034793,0.3067054912239022,0.3966753893116282,0.2563415147302142
657,0.39812358485702803,0.3026792466082323,0.3945041610415968,0.2560537070907649
658,0.3953772264817783,0.29856799900422,0.3922696593828125,0.25568009414989235
659,0.3921869177222175,0.2941246711374544,0.3895752732778652,0.25502887114677514
660,0.38818345127516773,0.28909923513458446,0.38597560694327215,0.25356383837920426
661,0.38368517968294513,0.28388105317494483,0.38183926955030806,0.2516349069595688
662,0.37976220821060314,0.2790656040061276,0.3782746517455108,0.2502869194383944
663,0.3765891635394652,0.27473921813761565,0.37542488627623727,0.24957763979303044
664,0.3730233050569744,0.2702136341794273,0.3721313434119495,0.24848879475861946
665,0.3689992613305139,0.26540569571103473,0.3683622849046863,0.24715145352661205
666,0.3633739715553625,0.2594428713765093,0.3629763345882633,0.2443276906465354
667,0.3581547207539121,0.2538747808945507,0.3579734488240493,0.24197569789308251
668,0.3529199479894276,0.2483904797111197,0.35282665798138185,0.23959725502226153
669,0.34761021624693245,0.24291645377174748,0.34749803492100023,0.2372599880019472
670,0.3422879515670498,0.2376570574836932,0.3422122844998594,0.23501216285793144
671,0.3372861821887738,0.23260064511954967,0.3372740811936624,0.23303580471579788
672,0.332790884950167,0.22782002267152837,0.3327823962540957,0.23141079139973345
673,0.3283336334662586,0.22305994848528019,0.3282006092036402,0.22973654248564648
674,0.32293595952958515,0.2178485759547531,0.32275442388749026,0.22736607760054475
675,0.31793890200739655,0.2129067867205852,0.3177061789897645,0.2253012697492049
676,0.3128728831293582,0.2078413996221088,0.31253893989204756,0.22298530581878584
677,0.3078205686120709,0.20275618773488377,0.3073635715832275,0.22068860154360043
678,0.30294152110495454,0.19791342104413856,0.30228334057925976,0.21852963224844998
679,0.2976467125729565,0.19298826132161437,0.2968327266147433,0.21619328216412953
680,0.291653554690801,0.18782012550475058,0.2905017391175701,0.21318423002694298
681,0.28574891561920024,0.18270029708881566,0.28427372642733995,0.2102208343733657
682,0.27982730215417223,0.1778391345499885,0.27798896647135407,0.20737086013508824
683,0.27395346570489354,0.1730407515513902,0.2718373788975399,0.20452949206106652
684,0.268224938067637,0.1683862046188578,0.2657191170365808,0.20173135826358712
685,0.26218431266778175,0.16362697494835035,0.25932282601339374,0.19866499689959083
686,0.25518283964195765,0.15841933533224903,0.25185517971336896,0.19467732256151524
687,0.24767105435465522,0.15305814396589199,0.24390955711953022,0.19036582781532305
688,0.24022286731817663,0.14780376283961102,0.23606133514351735,0.18616544369227075
689,0.233378401349068,0.14241423662467811,0.22877294355078204,0.18221384708268665
690,0.22625928244365587,0.13733640044759401,0.22133788915525934,0.1781183394060276
691,0.2194929340552233,0.1321177744805914,0.2143339468378492,0.17417586058154869
692,0.21189236017129018,0.12687563784251252,0.20648729111788622,0.16962218034819296
693,0.20491538490465844,0.12206943458155813,0.19947041630452317,0.16542514241969666
694,0.19826768622019406,0.11755051351274855,0.1928506419684648,0.161439603201523
695,0.19217071976658218,0.11290680683713525,0.18659399380077166,0.15778092616186104
696,0.18549800744164685,0.10824179372591128,0.17983094957149537,0.15357727056065948
697,0.17917098507126078,0.10359493132542023,0.17329023129255405,0.14961464955504175
698,0.17296169815249718,0.09895750568417114,0.16684079806185387,0.14558681479516314
699,0.167162941751967,0.09462352794492998,0.16072060222484683,0.1419117150265885
700,0.16148734967980863,0.09030030736900409,0.15456938660002273,0.13821322316183507
701,0.1557684721673876,0.08596938909826528,0.14835056967651092,0.13437813837975401
702,0.150823668197186,0.0817917135319029,0.1429331480071975,0.1309442770016635
703,0.1451862255733892,0.07750220104019631,0.13669756865510257,0.12693665319759873
704,0.13876882884867467,0.07333311737516442,0.12993866941703033,0.12243581600836408
705,0.13253340475423378,0.06920759900899053,0.12316060452038533,0.11801312225541245
706,0.12649202019236055,0.06530942797564025,0.11660259757809556,0.11357922685566073
707,0.12071409157636656,0.061549217838948,0.11039194712507838,0.10938317851388998
708,0.1150953724257035,0.0580084829403535,0.1042609211344753,0.10506394335221576
709,0.11044795990247426,0.054472384219177855,0.09894935573965137,0.10171239285815946
710,0.10515544315947954,0.05096075298402613,0.09301347901788537,0.09763991297194213
711,0.09849547235703057,0.046974571344407745,0.08605972597534917,0.09236851451643778
712,0.09184408440352304,0.04326640561538611,0.0792861102305391,0.08685764845126472
713,0.08578518985308861,0.03987008689052602,0.07303375032462026,0.08157928240568564
714,0.07986090379818785,0.03673373242621055,0.06699899280846623,0.07634674735430419
715,0.07421431224403,0.03367899186407379,0.061335863349131596,0.0714705358323118
716,0.06840084069812272,0.030814009113189034,0.055856919679190056,0.06629376052981023
717,0.06283574134476672,0.02810377165326442,0.05068472090842208,0.06133059706011433
718,0.05753294550996064,0.02556907224584452,0.045855207763751085,0.0565217584965696
719,0.05238340842015764,0.02308412815319813,0.04132187406496473,0.051795454654445405
720,0.04776790723448445,0.020886109545291055,0.03719528655540788,0.04747754843335466
721,0.04334948990980425,0.018909523611512543,0.03348435974959357,0.04324035975091383
722,0.03919869441117046,0.017128578672569946,0.030040296297810007,0.03919620424270945
723,0.035531662776966476,0.015442552887364883,0.026983895920596537,0.03539759710722083
724,0.03221477663824152,0.014047251818896147,0.024310979967704052,0.03204246388352836
725,0.028867909463191732,0.012742162043436733,0.02171888946928238,0.028489921583570117
726,0.025709645040069107,0.011530002037330496,0.01931568777700768,0.025133066064619267
727,0.023197782067800397,0.010578521738004193,0.01740783464073701,0.02252829523094287
728,0.02048675023528488,0.009667440489078109,0.015495099838726488,0.01983354573627498
729,0.01795491974422879,0.0088745447337299,0.013899730189410795,0.01746483398114835
