$\ell$,"$\mathrm{TiOT}(x^{(\ell)}, x^{(0)})$","$\mathrm{TAOT}_{w=0.2}(x^{(\ell)}, x^{(0)})$","$\mathrm{TAOT}_{w=0.5}(x^{(\ell)}, x^{(0)})$","$\mathrm{TAOT}_{w=0.8}(x^{(\ell)}, x^{(0)})$"
0,0.0,0.0,0.0,0.0
1,0.031840751972988954,0.02628376780941804,0.030898033170418792,0.03166680835944159
2,0.052059256285896936,0.038697745390712364,0.04846793048598217,0.052020282932115046
3,0.06973505504814419,0.048959573790675504,0.06326239686335478,0.06968351371736574
4,0.08627414766581876,0.058261127235827666,0.07703340602874184,0.08582200870613668
5,0.1050023473884865,0.06761622998649511,0.09106826355709381,0.10386314948562507
6,0.12334907845615507,0.07705870846598456,0.10602762978064963,0.12196743062578796
7,0.14092417680381744,0.08658085625389772,0.12046384162271141,0.14027948180229566
8,0.15742661722282703,0.0954816241745002,0.13453597693200023,0.15737921247696343
9,0.1692597901725463,0.10203868730923776,0.14522158585780318,0.16889670033828755
10,0.18382697525320787,0.11022814641393142,0.15804911290705334,0.18280997179423722
11,0.19523823821648437,0.11708677890881532,0.16866962526337456,0.19340568120263452
12,0.20668465029722163,0.12417921526212106,0.17955253212122407,0.2036325743088227
13,0.21714598774207572,0.1308976851651835,0.18966782334812277,0.21244569593079873
14,0.22830829323744856,0.13829319719779132,0.20067025069106656,0.22184033639960182
15,0.2394994403481532,0.1455390009104398,0.21154317892237226,0.2312150040107748
16,0.2508035877600209,0.15281870994658803,0.22269140834253978,0.24059435863775297
17,0.26122450058682245,0.1598276390010814,0.23338953148856162,0.24897297419003936
18,0.27222965848585656,0.16723887901849288,0.2447398791875842,0.25780015750073504
19,0.2833800593597563,0.1748281350804232,0.25639493890166143,0.26622632174142175
20,0.2950154378337954,0.1825979284319499,0.2687003109526312,0.2754875153785391
21,0.3070085686626543,0.19037484964492027,0.2812303153599963,0.2848474696603087
22,0.3192808844134904,0.19876261021508018,0.2943454045247345,0.29458015791433273
23,0.3287883892758812,0.20578868145480234,0.30497900271099615,0.30126214542677676
24,0.3387520432374009,0.21309130575150081,0.31595850515418017,0.30862547655010825
25,0.3501756848330763,0.22114035335649282,0.3282328596857309,0.31732433554798345
26,0.3607568908412836,0.22893557550720464,0.3400808993651237,0.32495798988071334
27,0.3708464781646357,0.23666670954172622,0.35159249935400416,0.33180513965051145
28,0.3795974424575732,0.24357621732221765,0.361980285709348,0.3373757506512356
29,0.3893594278969486,0.250816218866106,0.3728616365345231,0.3437004644748709
30,0.39871220436640487,0.2580728947771042,0.38316843885199936,0.3498143861260822
31,0.4070966763311744,0.2648047545776682,0.3925294154070924,0.3551953490503478
32,0.41570092984414203,0.27151973304512733,0.40189212015434306,0.36074965258775427
33,0.4239862887291333,0.27823209291618195,0.41102868265459713,0.36587330976504806
34,0.43098764926829664,0.28444802896567206,0.41906772519132474,0.36988687623190225
35,0.43819678615050667,0.29076941581970034,0.42717241852045035,0.3738718905840069
36,0.44601964507824005,0.2973090871268616,0.43572447985897717,0.3783941729501774
37,0.45348002843505514,0.30393258678514384,0.4438908082235914,0.38260895836694936
38,0.4611020881203501,0.3107853732396903,0.452213861412232,0.386770024112093
39,0.47046850219525355,0.3179103739876321,0.4619296416972429,0.3925299635176794
40,0.479189036723106,0.3246191277029547,0.4708922191004395,0.39777516375265876
41,0.48795180517707964,0.33132203324505705,0.4800601474528267,0.40308157248496473
42,0.49629063316560196,0.3379587030768989,0.4888624788698694,0.40804496978453186
43,0.5048688451710511,0.34477605024717667,0.4980020707130562,0.4132110073897213
44,0.512738959785691,0.35134036584425266,0.5066839096616589,0.41769957717638523
45,0.5202037055784311,0.3574482467077303,0.5148815643279666,0.42226874856034063
46,0.5269712976889324,0.3629380292397341,0.5222826486373157,0.4263709479216451
47,0.5356673444196851,0.36989180212902595,0.5316581666301174,0.4314436747998617
48,0.544586208454239,0.3772362620510936,0.5413999629290583,0.4365749778093907
49,0.5525157308409738,0.38404058917984907,0.5499889587561667,0.4409187753005679
50,0.5604056142227343,0.3907839948851701,0.5584054363667702,0.4452897612487846
51,0.5672496387516736,0.39702182595786933,0.5656783622734303,0.44885190211525106
52,0.573117521221346,0.4024720267426388,0.5718196197053514,0.45161669010536093
53,0.578825459150824,0.4077940997439681,0.5777503225032821,0.4542308507838033
54,0.5857163476723712,0.4141141908489012,0.5849108285712676,0.45771949679610646
55,0.5929095486195475,0.4205680801594624,0.5922319891553247,0.4614018999128076
56,0.5998354941781261,0.4271587190720377,0.5993255572028948,0.46486256671468507
57,0.6061536993921295,0.4334621218205547,0.6057778869139437,0.467909388754796
58,0.6111809635834246,0.4387821882925801,0.6109503229715721,0.47001062973578833
59,0.6170422909774553,0.4442809927631156,0.6169439420278618,0.47300887011490894
60,0.6239086617464372,0.4506300682641762,0.6238377941660387,0.4766238108883317
61,0.6299260834563968,0.45637957080722535,0.6299257585986302,0.4796580727047134
62,0.6357513999343279,0.46213537823264084,0.6356351632447041,0.4823336499309055
63,0.6421125314392747,0.46863374950986386,0.6418949941580433,0.48553633556405407
64,0.6469070292842563,0.47405247320074,0.646553859176233,0.4874883569873011
65,0.6518881233016195,0.4793684243248632,0.6513466365470114,0.48960984102241467
66,0.6557623842572675,0.483877540248188,0.6550682870584341,0.4909585057739133
67,0.6590634260669406,0.48823516936850914,0.6581719114225243,0.49195696572198316
68,0.6613429625445323,0.4920379986611827,0.6602293855138276,0.49243212218547033
69,0.6649632788851901,0.49659846904139615,0.6636330902047773,0.49355555839778087
70,0.6681342993014892,0.5009400745647469,0.6665224930713558,0.49438430321309573
71,0.6716698282434502,0.505458732445868,0.6697338886787931,0.49552817269833194
72,0.6761068659162165,0.5105072815923045,0.673935011331267,0.49732680477051255
73,0.6800865826200506,0.51533748645969,0.6776392240617186,0.49882792793439823
74,0.6829228820463502,0.5195348338901472,0.6802002949282427,0.49959586448762316
75,0.6868834259099593,0.524738608005445,0.6837691331480511,0.5009922599340986
76,0.689269269501226,0.5288627103985989,0.6858033260949218,0.501111974122069
77,0.6917504002204177,0.5330241062702595,0.6878047062173753,0.5014070850280957
78,0.6952119351409071,0.5377598521994142,0.6908047511672426,0.502394502042396
79,0.6963822022531966,0.5408336608157479,0.69150762348557,0.5022165883337478
80,0.6992287674935244,0.5451504473313596,0.6938841346028572,0.5028921399377565
81,0.7011285958918639,0.5488922764858009,0.6952863770513444,0.5029613575372711
82,0.7027487890648666,0.552327560254976,0.6963196981554122,0.5029608904087245
83,0.7046173206467922,0.5558293181494577,0.6976537548411563,0.5031177345899326
84,0.7072401434996589,0.5601094152938482,0.6997780324752376,0.5034866761251975
85,0.7095980465023296,0.5641418513684006,0.701639640706937,0.503691278581247
86,0.7133057935320679,0.5693745834683245,0.7048034933651159,0.5047920498786952
87,0.7163940457321395,0.5741143377753004,0.7073163756448024,0.5054782703096414
88,0.7198696768002899,0.5790814858109663,0.7099237163237899,0.5062041718583958
89,0.7227186198128878,0.5835884082197776,0.712168069158475,0.5068701423228014
90,0.7258054802773645,0.5882541757584379,0.7144991195550846,0.5076471837374315
91,0.7279605651329125,0.5922097323340865,0.7159197524037941,0.5078366732864463
92,0.7299384731085665,0.5960357335558523,0.7171541640449074,0.5077243679908621
93,0.7317916370861745,0.5997814091695883,0.7182934745320052,0.5077349954858579
94,0.7341625450063107,0.6039647388344497,0.7199588358506347,0.5079422522596184
95,0.7358925426906062,0.6076817397173297,0.72104453449805,0.5077238421535297
96,0.7372967451325336,0.6111368348267526,0.7218417699645634,0.507318739687726
97,0.7377863999561115,0.6138547499146321,0.721509076229299,0.5062061557278059
98,0.7386240824908784,0.6167909503021802,0.721536497520311,0.5055083641784559
99,0.7389663230474666,0.6193318530613655,0.7210400050186256,0.504546316868176
100,0.7392970885308976,0.6218904782615841,0.7204820990943691,0.5034834045739353
101,0.7394530739611239,0.6243353659331841,0.7197208691620233,0.5021571271449577
102,0.7399822227633789,0.6270394142215784,0.7192787431196723,0.5009597488588332
103,0.7402936787187674,0.62958494329257,0.7185824843915516,0.4998280203031991
104,0.7412356884018516,0.6326315209142951,0.7185118512838221,0.49900992492246693
105,0.7420925976631593,0.6355875080881055,0.7183475255726955,0.4980864136379566
106,0.7417753759790916,0.6377340988289237,0.7172026133609217,0.49680716415017484
107,0.7425537589655287,0.6405633244103712,0.7168641693428881,0.49597190801477725
108,0.7430843508193496,0.6429923601237183,0.7163345157048732,0.495218338293018
109,0.7442960309149153,0.6460494851128642,0.7164571238746376,0.4948226266665444
110,0.7445640843373272,0.6484298821231822,0.7156700270368127,0.4937733202835614
111,0.7457579472259959,0.6515926979257185,0.7159131783185333,0.4931713708868657
112,0.7469908425394781,0.6547494583283964,0.7162525476859417,0.49259233465258706
113,0.7478298243685473,0.6575632570471371,0.7161416833830693,0.49170225489915914
114,0.7480820943787719,0.6598546641351636,0.7152781614376192,0.49054064877644626
115,0.7479801959679453,0.6618548996744014,0.7141323617803006,0.48919845540769075
116,0.7482989466293819,0.6641431320126969,0.7134174545104964,0.4880370181148728
117,0.7483166149082263,0.6661397961853696,0.7123181112416811,0.4867546968690062
118,0.748496284059004,0.668213465161528,0.7113314531248492,0.4856175807264636
119,0.7481541488526845,0.669882217087027,0.7099854486324138,0.48430608536930053
120,0.7481092782152444,0.6716911750925892,0.7088566599115562,0.4832703296252367
121,0.7478386788576983,0.6732207918837889,0.7076678459678531,0.48236040213495984
122,0.7482794018830563,0.6752833758102651,0.7070270562793454,0.48175591993046274
123,0.7492453611896824,0.6778788822164086,0.7068641404613502,0.4809988511758218
124,0.748776463891262,0.6793467745170328,0.7054771793110528,0.4796648290596556
125,0.7484602595983969,0.6809125003046477,0.7041593305218222,0.47827065368627575
126,0.7481199842415449,0.6824889510247655,0.7028618847942466,0.4768815577232529
127,0.7476891840690739,0.6839030594432091,0.7015564151999645,0.4755632775602437
128,0.7470868621308652,0.6851109347084059,0.7000951663163405,0.4741403912005461
129,0.7465880993502408,0.686372944789289,0.6986699702143361,0.4727313041796057
130,0.7461237141962047,0.6877102509641855,0.6972993413214139,0.47132782192902734
131,0.7466037433704422,0.6896568612546907,0.696387456689182,0.4701531516484455
132,0.7474040303932821,0.6917151519976257,0.695695469127093,0.4691855886921609
133,0.7476101030312838,0.6929492925615118,0.6947085562860826,0.4682538789437068
134,0.7477052080327372,0.6942735121257674,0.6935599689884757,0.4672139625736537
135,0.7475827594806845,0.6956469824570685,0.6923304027716951,0.46600889156792813
136,0.7474907011415381,0.696995371295905,0.6910980107345616,0.46481083998133993
137,0.7474738603338555,0.6984734407709278,0.689964617921606,0.46362881905137077
138,0.7479546502416482,0.7001818867640167,0.6890056543359708,0.46256082335514753
139,0.7476118532648187,0.701064381166773,0.6877359020670988,0.4614682593222352
140,0.7472058521045349,0.7018222951425727,0.6864388490572142,0.4602500362536534
141,0.7468506984025239,0.7025506291409308,0.6852701810378168,0.4592923395947815
142,0.7464733091796169,0.7031401854280541,0.6842210585196722,0.4584276536333503
143,0.7461547447343851,0.7036295872080662,0.6832873527116095,0.45793552026887335
144,0.7458733381886762,0.7042721923514649,0.682161185676645,0.4570002764572947
145,0.7456707223826362,0.7049354910171652,0.6811762652907989,0.4561897004216823
146,0.7453826576418774,0.7054989207524363,0.6801210945149821,0.4554236957468392
147,0.7450864694783893,0.7061765199902302,0.6791254195352335,0.4547668525165955
148,0.7448523471259028,0.7068304744895659,0.6783288197272536,0.4545036116361069
149,0.7448041605422939,0.7075904394871289,0.6777029818476806,0.4545968403063575
150,0.7449533016209454,0.7087922807933694,0.6769462895298538,0.454143979313258
151,0.7449336903834366,0.7096881289190097,0.6763279942102866,0.454161724759663
152,0.7451371043246237,0.7109053579518377,0.6756157902475133,0.45372200392171286
153,0.7452783726344147,0.7120485357372817,0.6748860468181624,0.4533210614247145
154,0.745169621983372,0.7125369641853846,0.6743675252506479,0.4537352819484762
155,0.7451312128173033,0.7130172594393088,0.6739989543585457,0.45441087936551144
156,0.7451927856520015,0.7134772136152223,0.6740441349062738,0.45555873282600007
157,0.7457520852274903,0.714569606747761,0.6742319973136491,0.456184358285988
158,0.7459719386663766,0.7151679831537923,0.6745883985537839,0.4572112291683814
159,0.7461348518128413,0.7157552574619213,0.6747736023228664,0.45821056579194525
160,0.7463352026727795,0.7161826784780062,0.6752611954085033,0.459473927305583
161,0.7465546566054467,0.716659780645943,0.6756957093884018,0.4608302483249565
162,0.7474664381072794,0.7179036334530636,0.6760734523021581,0.4615645716105179
163,0.7474520322862318,0.7184177200057331,0.675641076299081,0.4613683006865359
164,0.7479419587666979,0.7192867358601199,0.6750990261549835,0.46056047373916176
165,0.7484077497456718,0.7201116228452413,0.6745687895342066,0.4597985269860392
166,0.7489265893011112,0.7211643434829266,0.6743676866177843,0.45962562346142727
167,0.7505211516765031,0.7230278970079332,0.6751520082056105,0.4605479488586476
168,0.7521965705609105,0.7248957129086065,0.6761639142120376,0.46153947442463455
169,0.7533724880688325,0.7263592476598446,0.6763329036435299,0.4615235975050628
170,0.7542326252910798,0.7275561974188834,0.6765442916740365,0.46189422485040976
171,0.7545731024131004,0.7281351440361161,0.6770711651216298,0.4628228268430186
172,0.754778426617973,0.7285539242609443,0.6775981297110392,0.4639867995508963
173,0.7548950985306341,0.7289443009154396,0.6779443375307576,0.464566462927756
174,0.7547842070089581,0.7290120027145398,0.6779473393819081,0.4645934356427403
175,0.7547370516346339,0.7292593418749646,0.677737978925645,0.46447273379775483
176,0.7550251065830318,0.7297763385203594,0.6774335472548766,0.46400886251779977
177,0.7553139750449243,0.7302417427573027,0.6771663250570441,0.46358246141676335
178,0.7555313965360952,0.7308557018986015,0.6771523629856504,0.4637175872565581
179,0.7557730962612156,0.7314555570275051,0.6771764339387821,0.4639197103343946
180,0.75570748214763,0.7315117814006445,0.677014534765206,0.4639251934981311
181,0.7555158257566756,0.7314119776397751,0.6766861393607065,0.4636875724992752
182,0.7552427524167487,0.7311471706273346,0.6765688322064222,0.4636496048481326
183,0.7545721813371731,0.7305440066899668,0.6760883247607863,0.46317112602715876
184,0.7538513827229644,0.7300428958036435,0.6754032716412124,0.46230888594009534
185,0.7535983539084656,0.7297809964182509,0.6750363581646527,0.4618983313311279
186,0.7536629648700898,0.7298919194747822,0.6751702029273702,0.4623247850205944
187,0.7532331693671387,0.7296124396314057,0.6746728352366937,0.4616813011448402
188,0.7532869457716299,0.729783994597759,0.6746054932749302,0.46166333546516525
189,0.7535825298682075,0.7302467464856021,0.6747533289432386,0.46182263327238576
190,0.7541500446458919,0.7309142046227797,0.6751754805388566,0.46225913197736784
191,0.7545226889622572,0.7314148748345806,0.6755545536734228,0.4627868053481948
192,0.7545948809636119,0.7315090364996544,0.6760816842283504,0.4636519976722157
193,0.7551110854802598,0.7320884190430896,0.6764523836782578,0.4641019572017523
194,0.7546203172647825,0.7315209749052958,0.6761354124992875,0.46369849509481526
195,0.7543027107758468,0.7311811466878828,0.6759018367388023,0.4633243223554671
196,0.7540322821593572,0.7307771296105433,0.6757853887099661,0.46318389429295664
197,0.753863354211354,0.7305245694531767,0.6755979213871954,0.4628711489880377
198,0.7531424725144061,0.7297503523286885,0.6751371928914719,0.46232389316315947
199,0.751570285123451,0.7282358675373262,0.6740919438898394,0.4615464686074605
200,0.7506514126401053,0.7272934124232184,0.6734946601691901,0.46082738105689
201,0.7506415046718145,0.7271214655945334,0.6732931033997681,0.4602478425447663
202,0.750609555930982,0.7268318369349404,0.6730760053237754,0.4597834144378016
203,0.7501207062395128,0.7262383837469312,0.6727670672919119,0.45927648708965046
204,0.749249518977471,0.7250652404361934,0.6723734168120684,0.4588654628586278
205,0.748425858142935,0.7241466224830192,0.6719828801196749,0.45823410692398847
206,0.7478860754884631,0.7234605570758113,0.6716866700058497,0.457580652113046
207,0.7473860373088573,0.7227448102054002,0.6715157835609901,0.4572535514186757
208,0.746716335390903,0.7218708433687747,0.6712584063168724,0.4568670933327199
209,0.7455925777638138,0.7204588679324753,0.6709144478933958,0.45647104032726193
210,0.7445400208234371,0.7191276339030728,0.6705993300823497,0.4559762779772432
211,0.7438938545551437,0.7181675101377718,0.6704923699217551,0.455686865847592
212,0.7433988482857357,0.7174941945578059,0.670411915466073,0.455399637671495
213,0.7429926337996767,0.7167648759216285,0.6704202530540007,0.4552831542018488
214,0.7419348733321255,0.7152989138372372,0.67008976385271,0.45488238067984815
215,0.7411770053427756,0.7140149034133291,0.6700860280720184,0.45481416115561013
216,0.740238711858256,0.7125784941620349,0.6699665722464259,0.4546522299510637
217,0.7390624020154494,0.7111600781569203,0.66951399697448,0.4540430178743795
218,0.7387624131994831,0.7104838833143577,0.6694543259090127,0.45368068714374904
219,0.7379749949197828,0.709378107391979,0.6692395504924035,0.4531743259402569
220,0.7372039497406064,0.708235952561015,0.6690031178393784,0.4527161476815752
221,0.7361211825809164,0.7068957243921536,0.6683894158367931,0.4519556986878367
222,0.7345881999400691,0.705029677474631,0.6676005089803044,0.4512085748912137
223,0.733726319265235,0.7035323928452688,0.6674653830715436,0.45090701939188393
224,0.7330862419291552,0.702280342262231,0.667493980060153,0.45076944957685694
225,0.7324814702908995,0.7008740044934294,0.6675546330362625,0.45079678428868014
226,0.7314237004584807,0.6991499471833303,0.6673412477701532,0.45047120293444576
227,0.7306736471582792,0.6978155334527458,0.6672089151423051,0.45015790081442536
228,0.7298163873013425,0.6965648361734773,0.6669845910448343,0.4498538440450234
229,0.7290625231406979,0.6953646276061405,0.6669203929977812,0.44966003379262426
230,0.7284484493575087,0.6940484832653442,0.6668956969158674,0.44962890268866934
231,0.7280426830592149,0.6929241318895694,0.6670122664612391,0.44974759985971896
232,0.7277024654544996,0.6919415752824428,0.6671786762653124,0.4499238360152638
233,0.7272036525375332,0.6907122148681246,0.6672905563305729,0.45001190468660646
234,0.7267857248566623,0.6893594975271263,0.6675355951549805,0.45022392816554685
235,0.7264223585027477,0.687810313930794,0.6678816007218723,0.450645593873504
236,0.7260896921753233,0.6862555371823899,0.6682457711269717,0.4511722728016909
237,0.7257624514373395,0.6850029014645286,0.6686027693196243,0.4515540154395232
238,0.7255129962904804,0.6835372076048108,0.6691333352912197,0.4522540439372117
239,0.7252921857202986,0.6820541455173551,0.6696883454233354,0.452994963872315
240,0.7238988590581112,0.6797731581623644,0.6693480174237242,0.45285982905904537
241,0.7228046897746359,0.6776163096268766,0.6693213114652378,0.4530176238833636
242,0.7211189894287754,0.6751663889186919,0.6686240271082455,0.4526491108864235
243,0.7191457942383114,0.672507760790922,0.6676710712125294,0.4521993469103265
244,0.7177316862185221,0.6701088489826498,0.6673659448636632,0.45220535380948884
245,0.7163515320878093,0.6677271677766276,0.6671326892274124,0.45245217602264554
246,0.7149542188637166,0.6653087102943236,0.6669545925901265,0.4528056594369407
247,0.7131610558500974,0.6626024616452663,0.6663309316701808,0.45283848866596565
248,0.710974879887007,0.6595651057413497,0.6652246561992161,0.45270156035362824
249,0.7092597631295845,0.6569008696247443,0.6647212565224603,0.45275656770401546
250,0.7082650764931212,0.6546646800462046,0.6649546936148514,0.45323160678849966
251,0.7072423666345112,0.6525248910503335,0.6650656394343517,0.4535236467536502
252,0.7062987020442664,0.6502592888844352,0.6653963886193902,0.45411296453579897
253,0.7046142156761761,0.6475208804835517,0.6650432420476111,0.45436406877657853
254,0.7023676547039754,0.6443198292229864,0.6640360763215284,0.4543811568198393
255,0.7007677831763112,0.6415637207926012,0.6637721980337594,0.45480067227447235
256,0.6994982557296923,0.6389712179833273,0.6637795863148787,0.45532358930745914
257,0.6980794100077894,0.6363307337000897,0.6636589813340228,0.4557741955636299
258,0.6970121830870043,0.6338223688977018,0.6638858326253635,0.4564475556143941
259,0.6960148304243334,0.631338848535714,0.6640612750500199,0.4569530798409235
260,0.6950001129468375,0.6288181166076253,0.66423186452796,0.4574220008201264
261,0.6939276477430958,0.6263026676304132,0.6643370461606704,0.45805654319550093
262,0.6930958238428285,0.6238512945015555,0.6646482661020015,0.4587676368224162
263,0.6922279168011534,0.6213197753704136,0.6648500040620455,0.4594122787691283
264,0.6909764032668149,0.6189296347276643,0.6645894726974627,0.45966980372997757
265,0.6900228242185571,0.6162597207904132,0.6646706226729416,0.46025355917135774
266,0.689407550093574,0.6137390699711327,0.6650333160278697,0.46107408937331945
267,0.6884517983735052,0.6109628484804995,0.6651132545641206,0.46180383582294227
268,0.6873768950692581,0.60808537552497,0.6650942002080983,0.4623744573972533
269,0.6862612344696046,0.6052514971805109,0.6650239261679493,0.46291061606783335
270,0.6854581296785408,0.6025237466822514,0.6651961399526436,0.4636293282313725
271,0.6846807824225583,0.5998008835671387,0.6654404415951126,0.46442424891623985
272,0.6837948331613313,0.5970010273541021,0.6655503215293805,0.465053525128978
273,0.6829762021567687,0.594166890229196,0.6655514925228816,0.46558609846066584
274,0.6822286968005816,0.5913701699269421,0.6656523246478019,0.466291812836059
275,0.6816422214568376,0.5886416490220807,0.6658525929692153,0.4671711422195277
276,0.6810409440533304,0.5859012251151743,0.6660212064570702,0.4679851837634481
277,0.6801431783604752,0.5831614876458776,0.6657984969794282,0.46836802256589016
278,0.6796456699140628,0.5803857282732335,0.6659406578313675,0.4692150471485651
279,0.6793089048267225,0.5776709996755456,0.6662482719468352,0.47020478550109784
280,0.679067873242889,0.5750684617421863,0.6666419999953815,0.4712817968781649
281,0.6779406211884157,0.5718830515331645,0.6661721380621648,0.47202971069209765
282,0.6766298846455369,0.5686965434931368,0.6654551684312524,0.47254536958634913
283,0.6750004994001375,0.5651507909876308,0.6643752731067758,0.47297034547470646
284,0.6720725240869895,0.56092602813024,0.6618525432734464,0.47205126458879526
285,0.6695965170903845,0.5567537165413768,0.6598422223040267,0.4715477844665006
286,0.6678243060713559,0.5530343142936193,0.6586643884403275,0.4716963146076468
287,0.6651147699220402,0.5486092549163556,0.6563858890864946,0.47111850360474666
288,0.6620958887400479,0.5440282531572213,0.653844016940223,0.4702418211030613
289,0.6587359943647517,0.5390999250342132,0.6508461393278061,0.46933576040999486
290,0.6561005830744084,0.5347702424250618,0.648748815961058,0.46893072291929305
291,0.6530873533861916,0.5301681989916925,0.6461940559929439,0.4682909275286545
292,0.649659759430392,0.5253970859203704,0.6432296466874404,0.4672208591444237
293,0.6465271694979152,0.5208343966887953,0.640585052203409,0.4663584278478812
294,0.643816451777382,0.5164655507411278,0.638370771301157,0.46586905335689527
295,0.6418138411703423,0.5125625650256256,0.636826469872139,0.46618409151092166
296,0.6391346939827566,0.5082840660484375,0.6344572276499151,0.4657759985661881
297,0.6362322197166396,0.5039033940776863,0.6319311008857857,0.4651160636530639
298,0.6330168777995491,0.49944367818804336,0.6290772517613478,0.46422182709000154
299,0.6298187584106544,0.4949452026852696,0.6263018144886044,0.46334830958708384
300,0.6264926286325212,0.4903548695442792,0.6233654278885238,0.4624427148882988
301,0.6232349424959308,0.4858169414113214,0.6204818229905865,0.46159212764337815
302,0.619960363129694,0.48120075213531616,0.617508863847866,0.46070608859411744
303,0.6163681669363076,0.47631299265886157,0.6141541702387878,0.4596104810090403
304,0.6128152389389614,0.4714305417909597,0.6108943736105854,0.4585084784899674
305,0.6088893708894393,0.4663312813353106,0.607244469492855,0.45720375697197446
306,0.6046338331114602,0.46121043282597457,0.6031867303401643,0.45566118394521155
307,0.6002527296017537,0.4561207365809279,0.5990379416945689,0.4540722763425961
308,0.5961469852010562,0.45104898781558617,0.5951914843138232,0.4526874373027456
309,0.591106679853652,0.4459381405367787,0.5903557739126212,0.45034783836045966
310,0.5865232453211379,0.44076918419987565,0.5859770019440895,0.44864906537043237
311,0.5821607515568938,0.43584258896308514,0.581826594654808,0.4471286284678428
312,0.5773769013406902,0.43106482806523855,0.5770995547291946,0.44494849922023133
313,0.5730225654670253,0.4261202651724102,0.5728327702405926,0.4434036452273964
314,0.5672199354939649,0.4207448448499008,0.5671321301464382,0.4401994765045543
315,0.5607393882238574,0.4145504542947624,0.5607387840866247,0.4366931837741393
316,0.5542533910008106,0.40877473699860417,0.554253235071577,0.4329412739905739
317,0.5473583353165523,0.40257955876499973,0.5472946811306987,0.4289355641150589
318,0.5404223516936453,0.3963900079220802,0.5403276439887895,0.4249169003131969
319,0.5335770623228429,0.3903564966764998,0.5333103282954259,0.42087500264943367
320,0.5265243765267839,0.3843159715666017,0.5261077086654536,0.41666347953106436
321,0.5193884399244202,0.3783906535149108,0.518746486768872,0.4123180026484003
322,0.5121827029884073,0.3718573734685628,0.5113463428992034,0.4081747917458549
323,0.5047768349373035,0.36543213415779763,0.5036059020607058,0.40383754331845645
324,0.49827326205496375,0.3594851371603684,0.4967443056410806,0.40026583163874957
325,0.4910894447958795,0.3531368246868576,0.4890726008923988,0.3960950565869366
326,0.48432739467791475,0.3470243522530004,0.48164274177362176,0.3921681911505417
327,0.476786891117,0.34022676693159637,0.47347586301348404,0.387674731277981
328,0.4694034142931155,0.33328367722915836,0.46552519828619043,0.38337752129181624
329,0.4624437596427915,0.3263788074247945,0.4581182026466575,0.37970781869954984
330,0.45640087353350134,0.32017046464740295,0.4517654741858252,0.3767304178021106
331,0.44936086753744925,0.3135073624240579,0.44415140858100033,0.3727378042216582
332,0.4424297657175158,0.30698690321436906,0.43667168208162904,0.36877618666616935
333,0.4354623710548605,0.30072711730043766,0.42906053773371444,0.36466841784584886
334,0.4283028394669119,0.2943043679921975,0.4213237640234882,0.36057540067946564
335,0.4213541471294899,0.2878541427698281,0.4135256616485798,0.3565925696306146
336,0.41454524965447836,0.2818325950175568,0.40577910519839316,0.35276638829555756
337,0.40932424077881596,0.2765543031137509,0.39935104427184487,0.35028698883388915
338,0.4024127829166054,0.2705182026594782,0.39144150116467746,0.3462724207798497
339,0.39434313644068714,0.26372855193434935,0.3824418484958422,0.34133912270444244
340,0.3861585165550831,0.25704366224393765,0.3731864431329395,0.3362563825135297
341,0.3775849330037397,0.2500850779334683,0.3635334069790397,0.33083510474020783
342,0.3689416286494864,0.24310741851132392,0.3535933201963063,0.3253538580971841
343,0.35930029917160394,0.2357157868549563,0.34258060872014723,0.31924594701867853
344,0.35195743937765045,0.22990453700292215,0.33384946536782395,0.3147399680002699
345,0.3440955254315711,0.22352152996228172,0.32466570724483484,0.3097511470608506
346,0.3358031737939156,0.21668406820319,0.3150871848984876,0.30440617370182604
347,0.32675440123146665,0.20950505659191546,0.30476189699917494,0.29823293389980676
348,0.31781019239089203,0.20269893278707735,0.29473386241835586,0.2919961941852435
349,0.30862210067916374,0.19592633500646028,0.2844263222239276,0.2854016650384598
350,0.2997519972151852,0.1892834217472975,0.2745590751772804,0.27923792037063355
351,0.2884699483813962,0.18169245716785135,0.2630042345647364,0.27120275352929846
352,0.27708497372457713,0.17400767296845016,0.2513396922284073,0.2627453338573528
353,0.2661291893492867,0.16659512589209954,0.24012318964586865,0.25445058359942585
354,0.25512699028266844,0.15939667049117023,0.22924118657125667,0.24573224592897652
355,0.24438885995179177,0.15247172768192632,0.2184675291424632,0.23680477543132317
356,0.23424156244458114,0.146101148251973,0.20838035856999118,0.22836371657666088
357,0.2244494187889737,0.13973769030085406,0.19860637966357275,0.22011216873880077
358,0.21486624582298472,0.13383291922322624,0.18942752937518717,0.21184813843173958
359,0.20596562580671077,0.12830434798258475,0.18073361189552484,0.20416457589924605
360,0.19694089246948995,0.123036323131852,0.17240408294046636,0.19617763068349103
361,0.18865343816466398,0.11857672754496264,0.16485154648975028,0.18857400461151505
362,0.18253749850025391,0.11498363230783544,0.15889656670523092,0.18251680233312328
363,0.17702107942251086,0.11141743422590111,0.15319258797702942,0.17615141065765128
364,0.17031494406351838,0.10719005977244485,0.14685382903217745,0.1684695087314013
365,0.16379366756406702,0.10362563656426531,0.1407414288475643,0.16137068774153315
366,0.157082886458472,0.10023096082755069,0.134791162079988,0.15419026439073383
367,0.15289634212966183,0.09800402581453938,0.13136111540226203,0.14973359928120275
368,0.14782176091840335,0.09547145735888869,0.12724456866528094,0.14490776120995452
369,0.144299188798618,0.09377311945384562,0.12400940673027551,0.1413785762407222
370,0.14236657452447538,0.0927187474633906,0.12224157597888413,0.13923801088544535
371,0.14460059475526094,0.09311797328847261,0.1237612652351296,0.1410581578094227
372,0.1494756579455762,0.0947825257041629,0.12705491190691606,0.14579743617962285
373,0.1557936318156737,0.09691053515364571,0.13164097592328045,0.152080326613682
374,0.16160174966186566,0.09895838087795496,0.13623831277548398,0.15804484366773786
375,0.16840017699938412,0.10187238894838826,0.14161611046075762,0.1653911554123941
376,0.17652417383393698,0.10598608347956348,0.14833906395096944,0.17420374261902066
377,0.185008497176937,0.1103424370090148,0.15543443819757544,0.1833780438895922
378,0.19219580121825866,0.11427027748064456,0.16152198152761066,0.19150322966929043
379,0.19992567444311773,0.11815013005978707,0.16812755177517605,0.19991932274591143
380,0.20934325553076844,0.12341550140877725,0.17661060518116514,0.2093081536119458
381,0.21869804978610988,0.1287009140895153,0.18531869232177578,0.21789947370457896
382,0.22846772148437336,0.1343472543945387,0.19433146633915646,0.22641697711965703
383,0.23827402410786577,0.14017796437176816,0.20357568709696894,0.23473763684095697
384,0.24681809594398219,0.14523476960266127,0.2116183667866811,0.24175678398444478
385,0.25560102731334744,0.150551108190372,0.22024357544763978,0.24871869713243958
386,0.26511661260918673,0.15656203095721707,0.22953106965862008,0.25614010073941235
387,0.27424435107777245,0.16212050103188586,0.23868309039396968,0.2633140640484165
388,0.28267849361794295,0.1676248195711506,0.24720703157849153,0.2695171325480391
389,0.2922753534710072,0.17392556705122683,0.25725227987167015,0.27672856455931105
390,0.30290358040976145,0.1811365011878942,0.26850843782204387,0.28452740490921924
391,0.3119460247041789,0.18746447585383025,0.2783074601665444,0.2910253932855724
392,0.3205016624816102,0.19353795431745838,0.28756634104549456,0.2970068534283665
393,0.32940583107772103,0.19966512555415178,0.29710288946075514,0.30329511444806906
394,0.33863961555762007,0.20593528727759602,0.30710176466497763,0.3099377641800881
395,0.3476640234921934,0.21231558802207717,0.3169826936457757,0.31619506117570084
396,0.3564669351352466,0.21870008412861985,0.3269181905801083,0.3219893402713363
397,0.3652589929386691,0.22522726123486317,0.3369641961356457,0.327451170707722
398,0.3730977629292221,0.23137764126236332,0.34623961360006394,0.33221622349885443
399,0.3800371867188756,0.23698525718840782,0.3546357057032095,0.3361425509613915
400,0.3870979985778037,0.24263659238879345,0.3633259893859804,0.34035445760171495
401,0.3946810748455906,0.24877950918417055,0.3725564435699313,0.3450633995130163
402,0.40175092515927824,0.2546877487440004,0.3813396751780744,0.3492692036412725
403,0.40836710935472875,0.26030156238155583,0.38977162700559437,0.35294177055901443
404,0.41671296673469366,0.26726568022479447,0.40007002969412453,0.3577774093897369
405,0.4253831572730104,0.2745167710662254,0.41063354582433703,0.36274470026325806
406,0.4344962098277092,0.28185997471747437,0.4212086606775596,0.3679156419291728
407,0.4431373260627123,0.28916546677873556,0.4314588308037054,0.3727852876499149
408,0.45192148631838475,0.2965919390562879,0.44166946318568717,0.3777327679068521
409,0.4595546598835491,0.3035149184429502,0.4506679160399247,0.3820810265438997
410,0.4678602072039535,0.31100765564334665,0.4601874351859252,0.3866799946373207
411,0.47647465068562095,0.3187761135974772,0.4699697210900844,0.3916073786573315
412,0.4843228002638601,0.32615184038204265,0.4786833222074423,0.3960061215938928
413,0.4911862065575477,0.33291774629724724,0.4864611500317873,0.399806298883003
414,0.49802722545296546,0.339643042272559,0.49409801591254976,0.4037841941627485
415,0.5045691017762965,0.3463501892171233,0.5012913601124963,0.407501830633753
416,0.5106771277398118,0.35294635346189496,0.5079887566262242,0.4110826539946242
417,0.5166463113677758,0.35927820192210325,0.5144969118362723,0.41466848233519543
418,0.5227415075758317,0.36588644648035773,0.5210113231026644,0.4183077912232978
419,0.5290365163688223,0.3725497425973784,0.5277733207183593,0.42215099620084173
420,0.5351119228749757,0.37916263204701434,0.5341942680064685,0.42589381800995396
421,0.5404204041536841,0.3852170160978913,0.539755372413766,0.4290670967525497
422,0.5461143126812321,0.3911035302602161,0.5456474738875877,0.43217857109301033
423,0.5518959911768758,0.39699041501290394,0.5516029637059529,0.43536211291869886
424,0.5587305283214783,0.40386092897081627,0.5585472151589355,0.43933507508125913
425,0.565695180046865,0.41028152594780587,0.5656008145446315,0.443219263280916
426,0.5725607775642372,0.4168312198629071,0.5725520121289421,0.4470893400840154
427,0.5787693199054263,0.4227119449926474,0.5787606716130801,0.4505976939797633
428,0.5845749762521291,0.42841496148053315,0.5845403282750296,0.4536890765269789
429,0.5901485611985362,0.4341779238593659,0.590053874677102,0.4567401516743334
430,0.5958691820826899,0.44017759616635577,0.5956167850758811,0.4599717128831
431,0.6016546483286764,0.44609920413516824,0.6012704265664599,0.46315202042877046
432,0.6067116565543942,0.45179593808495855,0.6062946744980772,0.4657961380451242
433,0.6112259646422121,0.4566739076335328,0.6106091510488535,0.46754540301466774
434,0.6163333932502856,0.4621083054919408,0.6155458328820198,0.47010880770815844
435,0.6211980114156231,0.46732417576051866,0.6201944966834613,0.472409343453584
436,0.6261183137445793,0.4730453967587982,0.6248417887851639,0.47497572675763516
437,0.6312936279833563,0.47912279847409245,0.6298276671410397,0.4779270828831237
438,0.6361969625005219,0.4850266354867668,0.6346088998754256,0.48065042525276974
439,0.6405370320160136,0.48988858112428363,0.6388313524169812,0.48248338734566043
440,0.6442653811420084,0.4946268683108246,0.6424745613492786,0.4837853392708167
441,0.6468026917325697,0.4985262500961179,0.6448021167912354,0.4843780833809718
442,0.6498581159652046,0.5027753652889015,0.6476595050918718,0.48524147302799026
443,0.6539476164043649,0.5079916960221623,0.651571781711311,0.48727228235201137
444,0.6578588450779768,0.5132654811046647,0.655309700138041,0.4893012530755352
445,0.6609075903268069,0.5179686285179451,0.6579773320735633,0.49035663647976807
446,0.6630549912084416,0.5219281639660124,0.6596866301446718,0.4905384032023812
447,0.666173549105499,0.5266531619796546,0.662387056945195,0.49165068478963864
448,0.6693828929713342,0.5314664785648266,0.66508912106734,0.4928281361084652
449,0.6715561707934702,0.535511033618129,0.6667983504178537,0.49290147183025207
450,0.673347988326455,0.5392985100954303,0.6681826669432691,0.492537415146292
451,0.6760053064843187,0.5437431025691086,0.670366548613976,0.49295293675677365
452,0.6783548001226622,0.5480068831545601,0.6722417147425783,0.4931106033258463
453,0.680458972305726,0.5519381107408229,0.6738252609585524,0.49324315649992295
454,0.6834232972657062,0.5565006979710104,0.67629804363558,0.49410328599389614
455,0.6862393466373281,0.5610403181128847,0.6785747415156643,0.4947689580742062
456,0.6885806389139353,0.5652069558874558,0.6803556333070074,0.4949545880381007
457,0.6899714889470405,0.5686585004427713,0.6811208609126264,0.4943491375534346
458,0.6925203719171876,0.5728639234898173,0.6831076212092924,0.4948709153823025
459,0.6950955885931032,0.5765693241980079,0.685186795126569,0.49531069213940104
460,0.6969414312002735,0.5800459995890628,0.6864097829189618,0.495299979342505
461,0.6976745830141863,0.5829267979557291,0.686441839804459,0.4946743438709874
462,0.6995214940670851,0.5864511855977727,0.6876596998459823,0.49470126680124227
463,0.7016787479560707,0.5903688236521186,0.6892203378541728,0.4947834324564498
464,0.7038035752812488,0.594236679756445,0.6907406873329772,0.4948391886681366
465,0.705592352776538,0.5978859600568476,0.6919055433722738,0.4945899420771308
466,0.7066830126432269,0.6009975087586986,0.6922541614373676,0.4937670835910895
467,0.7078702906421029,0.6040321087904404,0.6926865694271134,0.4934025577513754
468,0.7097883690571903,0.6076768860997285,0.6939359989395198,0.49354843382864666
469,0.7113059231687825,0.6110949606793262,0.6947111149228481,0.49325499955400515
470,0.7122128129153082,0.6140575171421794,0.6947764911737895,0.4924261907299252
471,0.7141276435015217,0.6176467270069783,0.6959314021342489,0.49245799306565013
472,0.715953302446789,0.621292084320338,0.6969843609468209,0.49216427047733136
473,0.718382116532237,0.6254303344796279,0.6987324737918178,0.49209359453432155
474,0.7201828612142488,0.6290945191376308,0.699887700021548,0.4918216285830013
475,0.7215053285453046,0.6323299025126649,0.7004963989542213,0.49148194277616547
476,0.722544638755133,0.6354011109714107,0.7007009105138292,0.4908237008084042
477,0.7231625624323518,0.6381503526428423,0.7004153340528682,0.4896866267724072
478,0.7239045852300204,0.6410166103772824,0.7002593914177712,0.48869112070656195
479,0.724576788039042,0.6437774378466045,0.7000606768091965,0.48765688334651475
480,0.7248731310797736,0.6462809896996783,0.6993693959262252,0.4863962427586828
481,0.7249580629036287,0.648688018809348,0.6984989194545691,0.4851199221688161
482,0.7253113973736687,0.6512355646726673,0.6977951320383222,0.4838967105611186
483,0.7254353019866273,0.6534826917676398,0.6967873967126672,0.4826354852795404
484,0.7253680915167472,0.6556080939209874,0.6956310022386654,0.4812978709876968
485,0.724886136403455,0.6574611997510137,0.6943731745149555,0.4800163589772247
486,0.7242624503176903,0.6590896185714443,0.6929439719719245,0.47858139340996847
487,0.7237278568149306,0.6608170320428721,0.691664822764408,0.47713906397586675
488,0.7237801849454688,0.6629281500425985,0.6906643528802244,0.4758744282633117
489,0.7238423423250206,0.6649928008505376,0.6896759958769726,0.4746286356403684
490,0.7246319715571844,0.6673932575614587,0.6892494487428976,0.4736375845310313
491,0.7254144554945184,0.6697545791955561,0.6889332860433224,0.4727374417022411
492,0.7255156938603516,0.6715346632543973,0.6880759588503795,0.4718541818137399
493,0.7258615473250887,0.6735042825986268,0.6872889528051216,0.4708660295001644
494,0.7265361932579812,0.6755362615372527,0.6867424374004096,0.4701807949072349
495,0.727410138328671,0.6776431330476657,0.686397393922286,0.46954026534248117
496,0.7284060979929079,0.67990455462656,0.6860871123128716,0.4687425517745533
497,0.7300005801740774,0.682648394834674,0.6865526480399867,0.4682933349823796
498,0.7324161790808914,0.6859410484597488,0.6881208084664467,0.4682253503762199
499,0.7344154534011544,0.6889496958044462,0.689164752945211,0.4678804796562712
500,0.7356386288891752,0.691164831840708,0.689147154843853,0.46706353805935197
501,0.7363625686281546,0.6930506344561348,0.6883960514580532,0.46592139351079553
502,0.7374799129473276,0.6952125106140047,0.6881815326990955,0.4651266233074301
503,0.7381056481385052,0.6968589140799797,0.6875711258417946,0.4644622191817695
504,0.7384392895690238,0.698370559394842,0.6866286173392753,0.46330367336280975
505,0.7391547202220322,0.7001477595273311,0.6860245410167332,0.46245031956337923
506,0.7393675253298336,0.7014624259342241,0.6852276087247967,0.4618131642740255
507,0.7395857294093683,0.7026826971535507,0.6845336952938826,0.4614531299187948
508,0.7394925432730897,0.7036464688470794,0.683864736733976,0.4613856027882102
509,0.7402213609667936,0.705227670617816,0.683484638029589,0.4611571095839176
510,0.741004869235059,0.7067014336076122,0.6833736526605407,0.4614417893225776
511,0.7421280605734508,0.7085302592928769,0.6832872769764463,0.4611574229170403
512,0.7427185007803832,0.7100003905488869,0.6827313888310975,0.46045715044070334
513,0.74289022378614,0.7110747772124543,0.6820052934189491,0.4599661594952145
514,0.7427657427697221,0.7119027923361027,0.6812207158080715,0.4596327996584949
515,0.743049614951845,0.7129972229134174,0.6803725400753923,0.4587988564437428
516,0.7430229967980355,0.7138922163426298,0.6795851699630422,0.4582634371230438
517,0.7433579886213676,0.7146543684318364,0.6787080603867803,0.4573226960518416
518,0.7437643897326598,0.7157133300606687,0.6779397956374617,0.4564900833074401
519,0.7434761848657483,0.7159408062606736,0.6769229212257466,0.4555630442959023
520,0.7433230444371408,0.716492776121594,0.675988166664406,0.4548082081365152
521,0.7431209572122082,0.7168395672404311,0.6750497212229136,0.4542609283321929
522,0.742921441369061,0.7170960610208084,0.674335941374847,0.45383417129786086
523,0.7427935734783062,0.7173027924927985,0.673841145338078,0.4538593384885362
524,0.7427196546816643,0.7174884800069264,0.6735040336007464,0.45426533231661415
525,0.7427293405682429,0.7176931556677079,0.6734649046816381,0.4552130246811017
526,0.7427210257020702,0.7179231367630512,0.6732961868295081,0.4558440879211515
527,0.7426791555872057,0.7181688682530445,0.6730402545331482,0.4564294761537917
528,0.7430920263328831,0.7190412486552974,0.6728061887116716,0.4565430899444481
529,0.7439250707507626,0.7199624421275215,0.6723608090274575,0.45578984849442994
530,0.7441008343950987,0.7202018798292885,0.6717637872765421,0.4550337450864293
531,0.7439964984028374,0.7204330238593711,0.6709972237629708,0.45432168638086645
532,0.743808725725797,0.720433663107511,0.6704044414605721,0.4541377178894052
533,0.7437653428209863,0.7205669846905577,0.6701067838206046,0.4543184381786074
534,0.7439263816167763,0.7210810932153358,0.6698236784879057,0.4544180469751997
535,0.7440082650741733,0.7213079129349829,0.6697984620169499,0.4549661071557921
536,0.7439999581070285,0.7213219498884837,0.6696524292925978,0.455318668351512
537,0.7436359182935487,0.7209688932309269,0.6692181961816003,0.4551684569769878
538,0.7435598413556965,0.7209518274485093,0.6688085759970166,0.4548025938511657
539,0.7437198570868598,0.72117587557723,0.6683152198260678,0.4540881852207981
540,0.744021009710171,0.7216994453930402,0.6684867797266705,0.4546771029633575
541,0.7431597006510335,0.7210566776312679,0.6674637185520479,0.45387078440831646
542,0.7430823767514452,0.7210798336554766,0.666881356427968,0.4532080834600832
543,0.7429776618833599,0.7209005881932931,0.6664965957927506,0.4530426592397398
544,0.742970231545864,0.7209017972504208,0.6663281130202683,0.453243664340097
545,0.7427584749296104,0.720717615256164,0.6657928692315328,0.4526432258752553
546,0.7426119916885013,0.7206191916223025,0.6652534695309459,0.4519357649181275
547,0.7427952352716363,0.7207535490089111,0.664857121833698,0.45132332318415863
548,0.7435667338639133,0.7214562066181565,0.6648463380564303,0.45108623108980783
549,0.7445083604635173,0.7221804251109851,0.6648859231785952,0.4507674247761638
550,0.7448752672969594,0.7225269520802883,0.6647558640574366,0.4505806657314629
551,0.7448867881174905,0.7224707963579581,0.6648858277715679,0.451225157922404
552,0.744238081284112,0.7218662086440881,0.6641027491773364,0.4503251763583842
553,0.7431416680039405,0.7207055727944581,0.6633536527063186,0.4497840915886692
554,0.7426013079753054,0.7199861937809122,0.6630604885114743,0.44969144181689674
555,0.7417380197204156,0.7189410053308818,0.6627878568235277,0.44966460649400347
556,0.740205565433253,0.7173963158926695,0.6621087734849591,0.44964127749896826
557,0.7385793224177369,0.7156365100006348,0.6614483045395037,0.44977694048629124
558,0.7368942585668089,0.7139087922133468,0.6607757691375992,0.44989316855573225
559,0.7361223066410927,0.7131050393772576,0.6601309496130283,0.4491425947566412
560,0.735444670903121,0.7123063264680116,0.6595995123044981,0.4485869657122681
561,0.7351203276847961,0.7117148636199557,0.6593733299847715,0.44850181485637225
562,0.7345275577708316,0.7109540100190759,0.6589874108612843,0.4481244270858811
563,0.7339532248458464,0.7102730264869974,0.6584903979593475,0.44745381318295935
564,0.7339511928899407,0.7100625716812798,0.6582754511001699,0.44673684812053654
565,0.7334126615810723,0.7094045346425494,0.6577972792677945,0.4460516948644101
566,0.7323323911357721,0.7083020043375151,0.6571032777047532,0.4452608415671533
567,0.7316335072781617,0.7073429608737526,0.6566321944481128,0.4447562090401385
568,0.7310744216738385,0.7065729787567763,0.6562391100857848,0.44437059301895027
569,0.7305820188241843,0.7058811614399599,0.6558985097005762,0.44392868267727215
570,0.7300910866637501,0.7052321912011953,0.6555918806726716,0.4435045490204883
571,0.7292615052621365,0.7043295028756299,0.6551640856592479,0.4429137602158556
572,0.7281035211228959,0.7029520720719309,0.6546850600139359,0.44245732886104416
573,0.7269141110230669,0.7015882365003697,0.6541362577529205,0.44188170747083566
574,0.7258568200020304,0.7004147985510703,0.6536422232845458,0.44129171011761087
575,0.7244555586603145,0.6989817326497253,0.6529489872944516,0.4406868071230197
576,0.7230717481776389,0.6973947185506647,0.6523179141294823,0.4402004166034206
577,0.7216626027551706,0.6956387815740284,0.6517152541873196,0.4398393823301937
578,0.7200370326300308,0.6937234623589099,0.6510413709216215,0.4395321502660065
579,0.718858609967796,0.6923808649125718,0.6505276226830858,0.43904359556060363
580,0.7180044304974927,0.6910907573864958,0.6502518892171494,0.43875509844626753
581,0.7167423237489998,0.6896159421013733,0.649788419448527,0.438274373577148
582,0.7155916696120701,0.6883042493032825,0.6494135032760378,0.43781278867904383
583,0.714270480177203,0.6866031483898943,0.6490636724127551,0.43745188780361494
584,0.7129121919828878,0.6849518617106919,0.6486392487452491,0.4369677939256882
585,0.7114545704264733,0.6832417634877822,0.6481066621945242,0.43646286846075416
586,0.709709668530229,0.6815169446821894,0.6473024564940367,0.435779756814618
587,0.7089017081345134,0.6804613563768889,0.6470361313802834,0.43540011002499207
588,0.7073238650790731,0.6785018432955442,0.646457401653194,0.4349948588325709
589,0.706325127239731,0.6768424419150757,0.646271515229768,0.4348180630830349
590,0.7055497783578347,0.675362026062359,0.6461817164756395,0.43484486501735364
591,0.7045722434203446,0.6739095295670359,0.6460052648183888,0.4346867366783715
592,0.7029572535421522,0.6718704021955879,0.6454497016334299,0.4344430350600976
593,0.7013790638847052,0.6698956131665194,0.6449713202499351,0.434193219111205
594,0.7003452105386273,0.6681278471056832,0.6447902234398546,0.4341970896605922
595,0.6988736293170213,0.6660458238360606,0.6444837927149939,0.4341760813389633
596,0.6979908719031025,0.664350735035532,0.6445071760681241,0.4343545106735994
597,0.6970757641647168,0.6625710085923849,0.6445159931728534,0.4345266724546461
598,0.6957403621677917,0.6605096361096706,0.6443855065374362,0.4346414737085789
599,0.694709019550107,0.658594932794471,0.6444324404392704,0.4348102471210261
600,0.6936279590310821,0.6565771414356751,0.6444981304076889,0.4349961160654258
601,0.6928228061914161,0.6547395537458575,0.6446855112392104,0.4353550626925602
602,0.692474639605308,0.6530895901652037,0.6451126919927718,0.4359221756330554
603,0.6922126657545308,0.6514619151578498,0.6456143000853705,0.43663505825834564
604,0.692019889429597,0.6499107102753198,0.6461560480194024,0.4374454543520746
605,0.6913604264011515,0.6481260721198823,0.6461821412662253,0.43763049107355223
606,0.6907672655482724,0.646348948922965,0.6462997413912759,0.4379170574389407
607,0.6901220003350107,0.6447732011766684,0.6463549117619644,0.4381144346955376
608,0.6893705588252964,0.6432005533655346,0.6463121034504061,0.4381803421347092
609,0.6887515665432511,0.64138855666618,0.6463911075375117,0.4385019305944286
610,0.688102369626873,0.6395296516692349,0.6464552613983668,0.4388560188087591
611,0.687382803156952,0.637703432216883,0.646448474307355,0.4391733402856114
612,0.6867371392192545,0.6360702213020315,0.6465143737798396,0.4394952388859712
613,0.685745306930141,0.6344127353014133,0.6464345672831332,0.43948312013969343
614,0.6849109366494737,0.6324526253113815,0.6465207613707824,0.439804482497988
615,0.6842462422155061,0.6304135865955418,0.6467478817535073,0.4403275393334625
616,0.6836158473920685,0.6284056784164861,0.6470402618283562,0.44095482071113035
617,0.6828181827551403,0.6262472571782657,0.6473054671129822,0.4415706555835015
618,0.6819963782082744,0.6241148141855957,0.6475207451210071,0.4421285367545784
619,0.6809179260503299,0.6222352639330596,0.6475456402204394,0.4423990255377898
620,0.680330656903632,0.6202850805804704,0.647873948395179,0.4430390759845658
621,0.6798066192433676,0.6182089053486317,0.6482446942976666,0.44376349892389005
622,0.6792525966247432,0.6160752353896566,0.648633726930288,0.4444529977059172
623,0.6788420444110331,0.6141235194378588,0.6490913876345616,0.44526801786507403
624,0.678448543709705,0.6120579299117515,0.649570051669833,0.4461001056495528
625,0.6778245592372156,0.6097719328464644,0.6499453555067066,0.44683188580061783
626,0.6770668602266221,0.6073928409528861,0.6502731366267528,0.4475249054045656
627,0.676207304722524,0.6049467579749973,0.6505064637993223,0.44827371960991363
628,0.6748093598146443,0.6021395178041397,0.6502190541641376,0.4488021002677367
629,0.6737340519588976,0.5995131306846146,0.6502375188360195,0.449441679550343
630,0.6728487953291475,0.5969271334524526,0.6503416017087221,0.45018523430193325
631,0.6713603130835641,0.5939092800032835,0.6498197234689304,0.45078306666321294
632,0.6696194851309987,0.5907573308678347,0.6490116277428217,0.4512059302094902
633,0.6680042481696354,0.5876551979567625,0.6483994084478901,0.45178208240786344
634,0.6667283109676859,0.58474146905968,0.648088333899436,0.45244675881119195
635,0.665286119608623,0.5817396396637594,0.6476232275258754,0.45311579900553006
636,0.6636959307123488,0.5785909295771462,0.6469578888949925,0.45370118858040576
637,0.66244984393282,0.5757144430952456,0.6466140590383889,0.45444473786188105
638,0.6612797078894601,0.5728270851026009,0.6463423244672541,0.45517655554100894
639,0.65985741997146,0.5696772314424366,0.645701748450228,0.45579065466809177
640,0.6585882346734022,0.566527598643444,0.6451311164790734,0.45644700950767475
641,0.6579765508740112,0.5638017165374526,0.6452679637749797,0.4573495421252512
642,0.6570853100006551,0.5609004832110728,0.6450789614348463,0.4582029948595104
643,0.6561147247230429,0.5579552206341841,0.6447940420824713,0.45905599053916596
644,0.6549425638122384,0.5548783758122896,0.6443000703334071,0.45983317869861107
645,0.6539335742282131,0.5519565204976951,0.6440530617632951,0.46076024686096684
646,0.6525496522664004,0.5486593786716283,0.643370917289557,0.4614807632875077
647,0.6510142543509235,0.5453303675135154,0.6426089703706377,0.46206438683208695
648,0.6494630972260284,0.5419310991005833,0.6417601773162387,0.4625075735845799
649,0.6476535953983414,0.5384439895308202,0.6406048432305639,0.46257833394816594
650,0.6461762325595373,0.5351527374923852,0.6397345722109131,0.46283213642065973
651,0.6451026451974828,0.5320722354379575,0.6393472658058564,0.4635729292875153
652,0.6429049585345614,0.5284904282250408,0.6376745509439732,0.46330616515163026
653,0.6404484655930537,0.5247232732183115,0.6356973100041257,0.4628370836017366
654,0.6379992979462156,0.5212730193936483,0.6337649999297353,0.4624353866411408
655,0.6359010426347392,0.5176809698563393,0.6321784615274416,0.46224670882229196
656,0.6331521916596983,0.5137602189981063,0.6298217123215333,0.46147250932046013
657,0.6309703518050812,0.5102755595353243,0.6280956623330533,0.4612587383379085
658,0.6287902881579663,0.5066004131491939,0.626314345502969,0.46104257188358616
659,0.6262482876002277,0.5025379253535975,0.6241596536767378,0.46034682955357115
660,0.6230436993302859,0.4979695896399736,0.6212693513632168,0.45925306522722864
661,0.6194232637566538,0.49316733132622875,0.6179314440537138,0.4577339919823045
662,0.6162484955037237,0.488655445260964,0.6150403659480496,0.4566500992424616
663,0.6136686105215625,0.4845433143098045,0.61271925567607,0.45613478624985937
664,0.6107563385319668,0.48027608133569777,0.6100256907802731,0.4553031760942748
665,0.607453093934432,0.47570009341959796,0.606928566558443,0.45423981750226256
666,0.6028050858738357,0.4700614137062574,0.6024751734206675,0.45177246042163904
667,0.5984602917102455,0.46476281971052824,0.5983088239563656,0.4495773170373389
668,0.5940706590881489,0.459525159157404,0.5939921362959124,0.4474176840407823
669,0.5895847829167001,0.45428802254324613,0.5894896393669699,0.4453025587504563
670,0.5850538022840718,0.44912465591396394,0.5849891319502093,0.44332179797458776
671,0.5807634477037736,0.44407390213105374,0.5807530294313259,0.44161806831411643
672,0.5768803038327509,0.439150919946032,0.5768729463704254,0.44022025162642175
673,0.5730040431500101,0.43416588016584734,0.572887955191624,0.43876632209265615
674,0.5682745459103241,0.42875760640901567,0.5681147981592191,0.436692118980243
675,0.5638607115302471,0.42351036995312946,0.5636543080557129,0.4349802819273244
676,0.55935041175399,0.41814782668318484,0.5590518221882901,0.43294489822510046
677,0.5548157970102067,0.4127055459221073,0.5544037983124102,0.43094413307895446
678,0.5504012364675015,0.4073184594502566,0.5498030016099037,0.4289930253809811
679,0.5455700803498634,0.4019448763148392,0.5448235738427104,0.4269864041011319
680,0.5400495854000825,0.39645325410146376,0.5389821324659753,0.42428512546105346
681,0.5345548761532348,0.39093607283146753,0.5331732611706441,0.4216271861601721
682,0.5289870529173395,0.38560324582240657,0.5272465898148171,0.4189994665170821
683,0.5234056416441205,0.3803419924207657,0.5213802632412737,0.4163925712104701
684,0.517904371547139,0.37505249870864427,0.5154795020527788,0.41388854263847497
685,0.5120393663262441,0.36968534046244,0.5092374947049694,0.4111144365009304
686,0.5051562527000508,0.3637982452613947,0.5018517507325932,0.4073873890938374
687,0.4976656049544264,0.35758106613493673,0.493872004794289,0.4030973170483488
688,0.49012535877893176,0.3514007591193115,0.48586143615594485,0.3988167086589649
689,0.48309253911550737,0.3447169596174679,0.4783021467135413,0.3947183393620475
690,0.4756671971490738,0.33837426428726136,0.4704656088974616,0.39054535191284095
691,0.4685007300476951,0.33175318788557345,0.4629621440656344,0.38646615419789093
692,0.46031767310335814,0.3251233141736109,0.45440872693851975,0.38163934961744356
693,0.452675805521632,0.3189461040921723,0.4466211104555215,0.3772579676444868
694,0.4452725976524875,0.3129993090667505,0.4391476311771075,0.3731301203247906
695,0.4383728091095319,0.30673847337030546,0.4319652692066477,0.3693036695670421
696,0.43069479616271983,0.3003377423814841,0.42406479407219755,0.3648464485083851
697,0.4232859377197177,0.29384674804859434,0.4162814327982381,0.3604967701595305
698,0.41588664098825906,0.28712331981792266,0.40846150132154907,0.3559928143839881
699,0.4088556490400579,0.2806772109675399,0.40089974086403046,0.351927094759574
700,0.40185488634556704,0.2740423683196042,0.39315313377871314,0.3477550935454887
701,0.39467514764346084,0.26709238102815736,0.38516304297856885,0.3432743333385843
702,0.3883602299376006,0.26018713216363754,0.3780650050020466,0.339233895988628
703,0.3810331029889519,0.25307077703153363,0.3697263429282562,0.3344911734313912
704,0.3725168839779945,0.246150846335063,0.3604700672968982,0.329068287808669
705,0.3640513765311617,0.23900943263240554,0.3509424518640988,0.32362090645954306
706,0.35565716665401315,0.23201645624595835,0.34147122510995787,0.31801822628032733
707,0.347439335102355,0.22520932267619584,0.3322528361430167,0.3126746488936783
708,0.3392570889837138,0.21858222639900962,0.3228945975616119,0.3070847174330818
709,0.33233711785245146,0.21159646301215362,0.3145621651433168,0.30247456466526074
710,0.32427680021777616,0.20454786047458698,0.3049811125592621,0.29697980344953545
711,0.3138398833115869,0.19646248265776828,0.29335938024094116,0.2895215033481108
712,0.3030578895252902,0.18850872813907052,0.28157789371777586,0.28156382643505323
713,0.29289108872256353,0.18093672832457924,0.270247572282565,0.27387682770695276
714,0.28259671583050605,0.17356420250634721,0.2588416365434012,0.2661628179327939
715,0.2724230391211984,0.16616715058260462,0.24766078282427256,0.25853715801450783
716,0.26153554385230837,0.1589548359249076,0.23634068561970029,0.24916277676472062
717,0.25067058332554043,0.1519292925127607,0.22513267401339593,0.23963210216968636
718,0.2398602624653792,0.14493981042503712,0.2141382912132975,0.23051297391347172
719,0.2288742196494782,0.13794616269495938,0.20327782482347823,0.22120919418451868
720,0.2185587043210231,0.13147200501768275,0.19286079579688506,0.212434196261922
721,0.2082054031714936,0.12536067414435237,0.1829873212809934,0.20366223223875016
722,0.19798660159508372,0.11964044498327187,0.17332136711268464,0.19496581914168673
723,0.18849844237278568,0.11369440236475936,0.16426775678932398,0.18653547721404043
724,0.17948475321943505,0.10851490559686627,0.155919786966581,0.1786102665734246
725,0.1699055898526935,0.10376117348081988,0.14737329971634042,0.169655004152378
726,0.16034227465041495,0.09889584882948121,0.1389808899705553,0.16020128585738724
727,0.152308181224123,0.09504654076943568,0.13193875336964875,0.15193460367064837
728,0.14313193296844978,0.09100840757711454,0.12447931490302476,0.14238919266750338
729,0.1339959691342568,0.0875736383825635,0.11789711696818841,0.1333543996259336
